scenario;hour;pv;wind;load
1;1;0;0.556;2.5
1;2;0;0.637;2.5
1;3;0;0.696;2.5
1;4;0;0.735;2.5
1;5;0;0.773;2.5
1;6;0;0.800;2.5
1;7;0;0.829;2.5
1;8;0;0.847;2.5
1;9;0;0.839;2.5
1;10;0.007;0.821;2.5
1;11;0.061;0.832;2.5
1;12;0.143;0.854;2.5
1;13;0.194;0.872;2.5
1;14;0.107;0.872;2.5
1;15;0.016;0.873;2.5
1;16;0;0.886;2.5
1;17;0;0.896;2.5
1;18;0;0.906;2.5
1;19;0;0.910;2.5
1;20;0;0.910;2.5
1;21;0;0.903;2.5
1;22;0;0.896;2.5
1;23;0;0.887;2.5
1;24;0;0.885;2.5
1;25;0;0.875;2.5
1;26;0;0.855;2.5
1;27;0;0.827;2.5
1;28;0;0.819;2.5
1;29;0;0.823;2.5
1;30;0;0.810;2.5
1;31;0;0.779;2.5
1;32;0.002;0.741;2.5
1;33;0.072;0.728;2.5
1;34;0.233;0.720;2.5
1;35;0.406;0.753;2.5
1;36;0.474;0.770;2.5
1;37;0.418;0.760;2.5
1;38;0.265;0.734;2.5
1;39;0.065;0.681;2.5
1;40;0;0.646;2.5
1;41;0;0.619;2.5
1;42;0;0.560;2.5
1;43;0;0.489;2.5
1;44;0;0.430;2.5
1;45;0;0.404;2.5
1;46;0;0.386;2.5
1;47;0;0.362;2.5
1;48;0;0.358;2.5
1;49;0;0.359;2.5
1;50;0;0.346;2.5
1;51;0;0.330;2.5
1;52;0;0.313;2.5
1;53;0;0.323;2.5
1;54;0;0.323;2.5
1;55;0;0.374;2.5
1;56;0.004;0.387;2.5
1;57;0.069;0.454;2.5
1;58;0.162;0.379;2.5
1;59;0.151;0.368;2.5
1;60;0.132;0.343;2.5
1;61;0.143;0.276;2.5
1;62;0.082;0.249;2.5
1;63;0.019;0.269;2.5
1;64;0;0.300;2.5
1;65;0;0.290;2.5
1;66;0;0.265;2.5
1;67;0;0.238;2.5
1;68;0;0.208;2.5
1;69;0;0.199;2.5
1;70;0;0.192;2.5
1;71;0;0.146;2.5
1;72;0;0.114;2.5
1;73;0;0.108;2.5
1;74;0;0.117;2.5
1;75;0;0.140;2.5
1;76;0;0.170;2.5
1;77;0;0.200;2.5
1;78;0;0.227;2.5
1;79;0;0.269;2.5
1;80;0;0.280;2.5
1;81;0.001;0.305;2.5
1;82;0.003;0.343;2.5
1;83;0.006;0.381;2.5
1;84;0.010;0.406;2.5
1;85;0.015;0.422;2.5
1;86;0.006;0.417;2.5
1;87;0;0.460;2.5
1;88;0;0.456;2.5
1;89;0;0.439;2.5
1;90;0;0.387;2.5
1;91;0;0.374;2.5
1;92;0;0.379;2.5
1;93;0;0.389;2.5
1;94;0;0.400;2.5
1;95;0;0.462;2.5
1;96;0;0.447;2.5
1;97;0;0.425;2.5
1;98;0;0.430;2.5
1;99;0;0.442;2.5
1;100;0;0.452;2.5
1;101;0;0.447;2.5
1;102;0;0.412;2.5
1;103;0;0.386;2.5
1;104;0;0.367;2.5
1;105;0.020;0.334;2.5
1;106;0.053;0.282;2.5
1;107;0.088;0.281;2.5
1;108;0.141;0.273;2.5
1;109;0.151;0.245;2.5
1;110;0.091;0.223;2.5
1;111;0.019;0.261;2.5
1;112;0;0.300;2.5
1;113;0;0.291;2.5
1;114;0;0.273;2.5
1;115;0;0.227;2.5
1;116;0;0.178;2.5
1;117;0;0.144;2.5
1;118;0;0.136;2.5
1;119;0;0.131;2.5
1;120;0;0.136;2.5
1;121;0;0.144;2.5
1;122;0;0.149;2.5
1;123;0;0.148;2.5
1;124;0;0.145;2.5
1;125;0;0.134;2.5
1;126;0;0.130;2.5
1;127;0;0.127;2.5
1;128;0.013;0.124;2.5
1;129;0.130;0.101;2.5
1;130;0.287;0.065;2.5
1;131;0.359;0.068;2.5
1;132;0.237;0.065;2.5
1;133;0.172;0.059;2.5
1;134;0.101;0.051;2.5
1;135;0.018;0.050;2.5
1;136;0;0.047;2.5
1;137;0;0.041;2.5
1;138;0;0.031;2.5
1;139;0;0.018;2.5
1;140;0;0.008;2.5
1;141;0;0.004;2.5
1;142;0;0.005;2.5
1;143;0;0.013;2.5
1;144;0;0.021;2.5
1;145;0;0.025;2.5
1;146;0;0.030;2.5
1;147;0;0.039;2.5
1;148;0;0.051;2.5
1;149;0;0.063;2.5
1;150;0;0.070;2.5
1;151;0;0.078;2.5
1;152;0;0.094;2.5
1;153;0.005;0.115;2.5
1;154;0.013;0.138;2.5
1;155;0.016;0.170;2.5
1;156;0.015;0.214;2.5
1;157;0.023;0.242;2.5
1;158;0.018;0.261;2.5
1;159;0.002;0.282;2.5
1;160;0;0.301;2.5
1;161;0;0.314;2.5
1;162;0;0.335;2.5
1;163;0;0.403;2.5
1;164;0;0.460;2.5
1;165;0;0.472;2.5
1;166;0;0.548;2.5
1;167;0;0.652;2.5
1;168;0;0.703;2.5
1;169;0;0.666;2.5
1;170;0;0.654;2.5
1;171;0;0.663;2.5
1;172;0;0.648;2.5
1;173;0;0.656;2.5
1;174;0;0.726;2.5
1;175;0;0.757;2.5
1;176;0;0.800;2.5
1;177;0.010;0.836;2.5
1;178;0.015;0.851;2.5
1;179;0.009;0.812;2.5
1;180;0.018;0.793;2.5
1;181;0.016;0.802;2.5
1;182;0.010;0.792;2.5
1;183;0.001;0.764;2.5
1;184;0;0.726;2.5
1;185;0;0.679;2.5
1;186;0;0.635;2.5
1;187;0;0.613;2.5
1;188;0;0.621;2.5
1;189;0;0.599;2.5
1;190;0;0.590;2.5
1;191;0;0.602;2.5
1;192;0;0.645;2.5
1;193;0;0.677;2.5
1;194;0;0.690;2.5
1;195;0;0.699;2.5
1;196;0;0.710;2.5
1;197;0;0.719;2.5
1;198;0;0.715;2.5
1;199;0;0.722;2.5
1;200;0.001;0.693;2.5
1;201;0.031;0.673;2.5
1;202;0.046;0.648;2.5
1;203;0.038;0.661;2.5
1;204;0.034;0.668;2.5
1;205;0.031;0.674;2.5
1;206;0.017;0.663;2.5
1;207;0.002;0.644;2.5
1;208;0;0.618;2.5
1;209;0;0.618;2.5
1;210;0;0.622;2.5
1;211;0;0.618;2.5
1;212;0;0.599;2.5
1;213;0;0.576;2.5
1;214;0;0.538;2.5
1;215;0;0.506;2.5
1;216;0;0.470;2.5
1;217;0;0.435;2.5
1;218;0;0.425;2.5
1;219;0;0.448;2.5
1;220;0;0.432;2.5
1;221;0;0.397;2.5
1;222;0;0.343;2.5
1;223;0;0.312;2.5
1;224;0.010;0.281;2.5
1;225;0.095;0.218;2.5
1;226;0.223;0.195;2.5
1;227;0.282;0.189;2.5
1;228;0.340;0.157;2.5
1;229;0.261;0.145;2.5
1;230;0.091;0.125;2.5
1;231;0.018;0.128;2.5
1;232;0;0.143;2.5
1;233;0;0.129;2.5
1;234;0;0.103;2.5
1;235;0;0.077;2.5
1;236;0;0.061;2.5
1;237;0;0.064;2.5
1;238;0;0.088;2.5
1;239;0;0.122;2.5
1;240;0;0.147;2.5
1;241;0;0.157;2.5
1;242;0;0.157;2.5
1;243;0;0.164;2.5
1;244;0;0.179;2.5
1;245;0;0.212;2.5
1;246;0;0.253;2.5
1;247;0;0.278;2.5
1;248;0;0.282;2.5
1;249;0.005;0.274;2.5
1;250;0.006;0.278;2.5
1;251;0.007;0.282;2.5
1;252;0.005;0.312;2.5
1;253;0.003;0.361;2.5
1;254;0.001;0.368;2.5
1;255;0;0.376;2.5
1;256;0;0.447;2.5
1;257;0;0.481;2.5
1;258;0;0.491;2.5
1;259;0;0.484;2.5
1;260;0;0.473;2.5
1;261;0;0.453;2.5
1;262;0;0.448;2.5
1;263;0;0.430;2.5
1;264;0;0.359;2.5
1;265;0;0.296;2.5
1;266;0;0.243;2.5
1;267;0;0.226;2.5
1;268;0;0.221;2.5
1;269;0;0.231;2.5
1;270;0;0.241;2.5
1;271;0;0.264;2.5
1;272;0;0.308;2.5
1;273;0.007;0.351;2.5
1;274;0.014;0.415;2.5
1;275;0.040;0.505;2.5
1;276;0.064;0.547;2.5
1;277;0.052;0.593;2.5
1;278;0.018;0.568;2.5
1;279;0;0.597;2.5
1;280;0;0.618;2.5
1;281;0;0.610;2.5
1;282;0;0.606;2.5
1;283;0;0.602;2.5
1;284;0;0.599;2.5
1;285;0;0.581;2.5
1;286;0;0.615;2.5
1;287;0;0.651;2.5
1;288;0;0.650;2.5
1;289;0;0.639;2.5
1;290;0;0.588;2.5
1;291;0;0.574;2.5
1;292;0;0.592;2.5
1;293;0;0.583;2.5
1;294;0;0.569;2.5
1;295;0;0.541;2.5
1;296;0;0.556;2.5
1;297;0.007;0.586;2.5
1;298;0.039;0.605;2.5
1;299;0.071;0.633;2.5
1;300;0.057;0.682;2.5
1;301;0.037;0.685;2.5
1;302;0.017;0.668;2.5
1;303;0.003;0.704;2.5
1;304;0;0.714;2.5
1;305;0;0.729;2.5
1;306;0;0.777;2.5
1;307;0;0.842;2.5
1;308;0;0.868;2.5
1;309;0;0.872;2.5
1;310;0;0.877;2.5
1;311;0;0.888;2.5
1;312;0;0.901;2.5
1;313;0;0.890;2.5
1;314;0;0.867;2.5
1;315;0;0.826;2.5
1;316;0;0.785;2.5
1;317;0;0.819;2.5
1;318;0;0.849;2.5
1;319;0;0.839;2.5
1;320;0.032;0.827;2.5
1;321;0.196;0.817;2.5
1;322;0.335;0.827;2.5
1;323;0.397;0.840;2.5
1;324;0.369;0.839;2.5
1;325;0.274;0.829;2.5
1;326;0.176;0.803;2.5
1;327;0.046;0.761;2.5
1;328;0;0.750;2.5
1;329;0;0.755;2.5
1;330;0;0.749;2.5
1;331;0;0.727;2.5
1;332;0;0.718;2.5
1;333;0;0.715;2.5
1;334;0;0.692;2.5
1;335;0;0.624;2.5
1;336;0;0.571;2.5
1;337;0;0.550;2.5
1;338;0;0.556;2.5
1;339;0;0.538;2.5
1;340;0;0.468;2.5
1;341;0;0.501;2.5
1;342;0;0.590;2.5
1;343;0;0.656;2.5
1;344;0.001;0.659;2.5
1;345;0.013;0.679;2.5
1;346;0.018;0.650;2.5
1;347;0.021;0.682;2.5
1;348;0.024;0.621;2.5
1;349;0.013;0.626;2.5
1;350;0.004;0.725;2.5
1;351;0;0.780;2.5
1;352;0;0.826;2.5
1;353;0;0.839;2.5
1;354;0;0.827;2.5
1;355;0;0.816;2.5
1;356;0;0.806;2.5
1;357;0;0.788;2.5
1;358;0;0.753;2.5
1;359;0;0.720;2.5
1;360;0;0.714;2.5
1;361;0;0.715;2.5
1;362;0;0.718;2.5
1;363;0;0.696;2.5
1;364;0;0.655;2.5
1;365;0;0.597;2.5
1;366;0;0.526;2.5
1;367;0;0.535;2.5
1;368;0;0.517;2.5
1;369;0.004;0.523;2.5
1;370;0.008;0.522;2.5
1;371;0.026;0.505;2.5
1;372;0.040;0.538;2.5
1;373;0.025;0.547;2.5
1;374;0.022;0.556;2.5
1;375;0.009;0.551;2.5
1;376;0;0.510;2.5
1;377;0;0.498;2.5
1;378;0;0.467;2.5
1;379;0;0.434;2.5
1;380;0;0.391;2.5
1;381;0;0.386;2.5
1;382;0;0.386;2.5
1;383;0;0.395;2.5
1;384;0;0.404;2.5
1;385;0;0.425;2.5
1;386;0;0.440;2.5
1;387;0;0.450;2.5
1;388;0;0.544;2.5
1;389;0;0.547;2.5
1;390;0;0.526;2.5
1;391;0;0.548;2.5
1;392;0.006;0.546;2.5
1;393;0.047;0.543;2.5
1;394;0.112;0.533;2.5
1;395;0.190;0.568;2.5
1;396;0.379;0.552;2.5
1;397;0.386;0.538;2.5
1;398;0.243;0.511;2.5
1;399;0.064;0.473;2.5
1;400;0;0.477;2.5
1;401;0;0.418;2.5
1;402;0;0.327;2.5
1;403;0;0.282;2.5
1;404;0;0.346;2.5
1;405;0;0.438;2.5
1;406;0;0.440;2.5
1;407;0;0.438;2.5
1;408;0;0.352;2.5
1;409;0;0.300;2.5
1;410;0;0.348;2.5
1;411;0;0.406;2.5
1;412;0;0.437;2.5
1;413;0;0.403;2.5
1;414;0;0.370;2.5
1;415;0;0.328;2.5
1;416;0.090;0.277;2.5
1;417;0.321;0.179;2.5
1;418;0.472;0.151;2.5
1;419;0.520;0.188;2.5
1;420;0.459;0.225;2.5
1;421;0.266;0.260;2.5
1;422;0.100;0.260;2.5
1;423;0.021;0.317;2.5
1;424;0;0.358;2.5
1;425;0;0.348;2.5
1;426;0;0.337;2.5
1;427;0;0.305;2.5
1;428;0;0.266;2.5
1;429;0;0.230;2.5
1;430;0;0.196;2.5
1;431;0;0.170;2.5
1;432;0;0.147;2.5
1;433;0;0.128;2.5
1;434;0;0.111;2.5
1;435;0;0.096;2.5
1;436;0;0.083;2.5
1;437;0;0.070;2.5
1;438;0;0.057;2.5
1;439;0;0.046;2.5
1;440;0.028;0.038;2.5
1;441;0.150;0.025;2.5
1;442;0.307;0.018;2.5
1;443;0.396;0.017;2.5
1;444;0.402;0.017;2.5
1;445;0.352;0.014;2.5
1;446;0.243;0.011;2.5
1;447;0.070;0.008;2.5
1;448;0;0.011;2.5
1;449;0;0.022;2.5
1;450;0;0.042;2.5
1;451;0;0.067;2.5
1;452;0;0.093;2.5
1;453;0;0.113;2.5
1;454;0;0.125;2.5
1;455;0;0.121;2.5
1;456;0;0.101;2.5
1;457;0;0.076;2.5
1;458;0;0.053;2.5
1;459;0;0.037;2.5
1;460;0;0.029;2.5
1;461;0;0.028;2.5
1;462;0;0.032;2.5
1;463;0;0.036;2.5
1;464;0.082;0.035;2.5
1;465;0.272;0.023;2.5
1;466;0.459;0.025;2.5
1;467;0.542;0.026;2.5
1;468;0.548;0.018;2.5
1;469;0.482;0.011;2.5
1;470;0.340;0.009;2.5
1;471;0.123;0.011;2.5
1;472;0;0.017;2.5
1;473;0;0.020;2.5
1;474;0;0.019;2.5
1;475;0;0.014;2.5
1;476;0;0.008;2.5
1;477;0;0.004;2.5
1;478;0;0.002;2.5
1;479;0;0.002;2.5
1;480;0;0.003;2.5
1;481;0;0.006;2.5
1;482;0;0.011;2.5
1;483;0;0.021;2.5
1;484;0;0.031;2.5
1;485;0;0.041;2.5
1;486;0;0.055;2.5
1;487;0;0.074;2.5
1;488;0.029;0.094;2.5
1;489;0.146;0.125;2.5
1;490;0.350;0.157;2.5
1;491;0.434;0.185;2.5
1;492;0.344;0.202;2.5
1;493;0.239;0.213;2.5
1;494;0.134;0.214;2.5
1;495;0.041;0.185;2.5
1;496;0;0.205;2.5
1;497;0;0.233;2.5
1;498;0;0.245;2.5
1;499;0;0.245;2.5
1;500;0;0.244;2.5
1;501;0;0.229;2.5
1;502;0;0.213;2.5
1;503;0;0.196;2.5
1;504;0;0.171;2.5
1;505;0;0.147;2.5
1;506;0;0.125;2.5
1;507;0;0.111;2.5
1;508;0;0.097;2.5
1;509;0;0.087;2.5
1;510;0;0.082;2.5
1;511;0;0.079;2.5
1;512;0.051;0.078;2.5
1;513;0.206;0.066;2.5
1;514;0.394;0.067;2.5
1;515;0.500;0.099;2.5
1;516;0.536;0.135;2.5
1;517;0.479;0.164;2.5
1;518;0.344;0.186;2.5
1;519;0.130;0.192;2.5
1;520;0;0.270;2.5
1;521;0;0.346;2.5
1;522;0;0.374;2.5
1;523;0;0.364;2.5
1;524;0;0.344;2.5
1;525;0;0.323;2.5
1;526;0;0.287;2.5
1;527;0;0.241;2.5
1;528;0;0.214;2.5
1;529;0;0.194;2.5
1;530;0;0.184;2.5
1;531;0;0.183;2.5
1;532;0;0.192;2.5
1;533;0;0.201;2.5
1;534;0;0.209;2.5
1;535;0;0.220;2.5
1;536;0.047;0.235;2.5
1;537;0.169;0.299;2.5
1;538;0.396;0.317;2.5
1;539;0.527;0.302;2.5
1;540;0.534;0.289;2.5
1;541;0.462;0.289;2.5
1;542;0.317;0.291;2.5
1;543;0.113;0.248;2.5
1;544;0;0.265;2.5
1;545;0;0.305;2.5
1;546;0;0.302;2.5
1;547;0;0.287;2.5
1;548;0;0.268;2.5
1;549;0;0.254;2.5
1;550;0;0.242;2.5
1;551;0;0.243;2.5
1;552;0;0.261;2.5
1;553;0;0.273;2.5
1;554;0;0.270;2.5
1;555;0;0.249;2.5
1;556;0;0.218;2.5
1;557;0;0.194;2.5
1;558;0;0.187;2.5
1;559;0;0.192;2.5
1;560;0.061;0.182;2.5
1;561;0.190;0.147;2.5
1;562;0.316;0.159;2.5
1;563;0.362;0.141;2.5
1;564;0.351;0.120;2.5
1;565;0.289;0.105;2.5
1;566;0.151;0.091;2.5
1;567;0.051;0.078;2.5
1;568;0;0.075;2.5
1;569;0;0.088;2.5
1;570;0;0.098;2.5
1;571;0;0.104;2.5
1;572;0;0.102;2.5
1;573;0;0.094;2.5
1;574;0;0.085;2.5
1;575;0;0.074;2.5
1;576;0;0.058;2.5
1;577;0;0.041;2.5
1;578;0;0.025;2.5
1;579;0;0.016;2.5
1;580;0;0.010;2.5
1;581;0;0.006;2.5
1;582;0;0.003;2.5
1;583;0;0.002;2.5
1;584;0.032;0.004;2.5
1;585;0.114;0.007;2.5
1;586;0.173;0.018;2.5
1;587;0.187;0.029;2.5
1;588;0.169;0.043;2.5
1;589;0.142;0.061;2.5
1;590;0.066;0.079;2.5
1;591;0.020;0.078;2.5
1;592;0;0.059;2.5
1;593;0;0.061;2.5
1;594;0;0.090;2.5
1;595;0;0.137;2.5
1;596;0;0.179;2.5
1;597;0;0.219;2.5
1;598;0;0.233;2.5
1;599;0;0.222;2.5
1;600;0;0.220;2.5
1;601;0;0.227;2.5
1;602;0;0.243;2.5
1;603;0;0.260;2.5
1;604;0;0.257;2.5
1;605;0;0.221;2.5
1;606;0;0.225;2.5
1;607;0;0.254;2.5
1;608;0;0.237;2.5
1;609;0.005;0.218;2.5
1;610;0.015;0.185;2.5
1;611;0.033;0.161;2.5
1;612;0.044;0.158;2.5
1;613;0.044;0.137;2.5
1;614;0.033;0.109;2.5
1;615;0.008;0.102;2.5
1;616;0;0.113;2.5
1;617;0;0.126;2.5
1;618;0;0.150;2.5
1;619;0;0.179;2.5
1;620;0;0.217;2.5
1;621;0;0.259;2.5
1;622;0;0.294;2.5
1;623;0;0.332;2.5
1;624;0;0.328;2.5
1;625;0;0.312;2.5
1;626;0;0.323;2.5
1;627;0;0.331;2.5
1;628;0;0.332;2.5
1;629;0;0.325;2.5
1;630;0;0.327;2.5
1;631;0;0.333;2.5
1;632;0.010;0.334;2.5
1;633;0.048;0.329;2.5
1;634;0.101;0.357;2.5
1;635;0.096;0.371;2.5
1;636;0.063;0.381;2.5
1;637;0.073;0.374;2.5
1;638;0.073;0.336;2.5
1;639;0.045;0.358;2.5
1;640;0;0.434;2.5
1;641;0;0.473;2.5
1;642;0;0.442;2.5
1;643;0;0.398;2.5
1;644;0;0.363;2.5
1;645;0;0.362;2.5
1;646;0;0.308;2.5
1;647;0;0.264;2.5
1;648;0;0.251;2.5
1;649;0;0.249;2.5
1;650;0;0.270;2.5
1;651;0;0.287;2.5
1;652;0;0.286;2.5
1;653;0;0.278;2.5
1;654;0;0.236;2.5
1;655;0;0.208;2.5
1;656;0.024;0.213;2.5
1;657;0.096;0.234;2.5
1;658;0.308;0.227;2.5
1;659;0.459;0.265;2.5
1;660;0.454;0.259;2.5
1;661;0.346;0.217;2.5
1;662;0.128;0.185;2.5
1;663;0.040;0.199;2.5
1;664;0;0.207;2.5
1;665;0;0.184;2.5
1;666;0;0.133;2.5
1;667;0;0.088;2.5
1;668;0;0.076;2.5
1;669;0;0.100;2.5
1;670;0;0.159;2.5
1;671;0;0.241;2.5
1;672;0;0.315;2.5
1;673;0;0.394;2.5
1;674;0;0.447;2.5
1;675;0;0.457;2.5
1;676;0;0.432;2.5
1;677;0;0.403;2.5
1;678;0;0.328;2.5
1;679;0;0.293;2.5
1;680;0.061;0.252;2.5
1;681;0.158;0.243;2.5
1;682;0.359;0.223;2.5
1;683;0.356;0.212;2.5
1;684;0.261;0.213;2.5
1;685;0.219;0.203;2.5
1;686;0.155;0.161;2.5
1;687;0.059;0.164;2.5
1;688;0;0.185;2.5
1;689;0;0.183;2.5
1;690;0;0.176;2.5
1;691;0;0.175;2.5
1;692;0;0.185;2.5
1;693;0;0.196;2.5
1;694;0;0.195;2.5
1;695;0;0.178;2.5
1;696;0;0.155;2.5
1;697;0;0.147;2.5
1;698;0;0.162;2.5
1;699;0;0.191;2.5
1;700;0;0.210;2.5
1;701;0;0.223;2.5
1;702;0;0.248;2.5
1;703;0;0.278;2.5
1;704;0.072;0.288;2.5
1;705;0.190;0.270;2.5
1;706;0.285;0.273;2.5
1;707;0.334;0.408;2.5
1;708;0.315;0.519;2.5
1;709;0.242;0.558;2.5
1;710;0.153;0.559;2.5
1;711;0.059;0.556;2.5
1;712;0;0.522;2.5
1;713;0;0.512;2.5
1;714;0;0.505;2.5
1;715;0;0.483;2.5
1;716;0;0.443;2.5
1;717;0;0.412;2.5
1;718;0;0.361;2.5
1;719;0;0.315;2.5
1;720;0;0.289;2.5
1;721;0;0.258;2.5
1;722;0;0.229;2.5
1;723;0;0.201;2.5
1;724;0;0.190;2.5
1;725;0;0.180;2.5
1;726;0;0.173;2.5
1;727;0;0.169;2.5
1;728;0.021;0.158;2.5
1;729;0.072;0.113;2.5
1;730;0.138;0.068;2.5
1;731;0.215;0.066;2.5
1;732;0.281;0.082;2.5
1;733;0.330;0.087;2.5
1;734;0.307;0.084;2.5
1;735;0.153;0.101;2.5
1;736;0.006;0.142;2.5
1;737;0;0.200;2.5
1;738;0;0.259;2.5
1;739;0;0.293;2.5
1;740;0;0.294;2.5
1;741;0;0.283;2.5
1;742;0;0.264;2.5
1;743;0;0.254;2.5
1;744;0;0.272;2.5
1;745;0;0.306;2.5
1;746;0;0.317;2.5
1;747;0;0.298;2.5
1;748;0;0.251;2.5
1;749;0;0.220;2.5
1;750;0;0.240;2.5
1;751;0;0.245;2.5
1;752;0.029;0.277;2.5
1;753;0.178;0.295;2.5
1;754;0.358;0.350;2.5
1;755;0.320;0.366;2.5
1;756;0.210;0.362;2.5
1;757;0.115;0.342;2.5
1;758;0.059;0.328;2.5
1;759;0.029;0.300;2.5
1;760;0.001;0.271;2.5
1;761;0;0.259;2.5
1;762;0;0.256;2.5
1;763;0;0.248;2.5
1;764;0;0.231;2.5
1;765;0;0.195;2.5
1;766;0;0.165;2.5
1;767;0;0.166;2.5
1;768;0;0.187;2.5
1;769;0;0.201;2.5
1;770;0;0.202;2.5
1;771;0;0.200;2.5
1;772;0;0.196;2.5
1;773;0;0.177;2.5
1;774;0;0.154;2.5
1;775;0;0.133;2.5
1;776;0.004;0.106;2.5
1;777;0.019;0.068;2.5
1;778;0.036;0.041;2.5
1;779;0.047;0.026;2.5
1;780;0.048;0.029;2.5
1;781;0.040;0.038;2.5
1;782;0.026;0.049;2.5
1;783;0.012;0.080;2.5
1;784;0;0.126;2.5
1;785;0;0.159;2.5
1;786;0;0.171;2.5
1;787;0;0.181;2.5
1;788;0;0.190;2.5
1;789;0;0.188;2.5
1;790;0;0.199;2.5
1;791;0;0.207;2.5
1;792;0;0.228;2.5
1;793;0;0.210;2.5
1;794;0;0.166;2.5
1;795;0;0.156;2.5
1;796;0;0.155;2.5
1;797;0;0.161;2.5
1;798;0;0.169;2.5
1;799;0;0.180;2.5
1;800;0.005;0.181;2.5
1;801;0.026;0.167;2.5
1;802;0.054;0.192;2.5
1;803;0.075;0.255;2.5
1;804;0.074;0.265;2.5
1;805;0.048;0.272;2.5
1;806;0.026;0.294;2.5
1;807;0.008;0.294;2.5
1;808;0;0.296;2.5
1;809;0;0.302;2.5
1;810;0;0.294;2.5
1;811;0;0.294;2.5
1;812;0;0.310;2.5
1;813;0;0.283;2.5
1;814;0;0.251;2.5
1;815;0;0.233;2.5
1;816;0;0.207;2.5
1;817;0;0.178;2.5
1;818;0;0.163;2.5
1;819;0;0.149;2.5
1;820;0;0.139;2.5
1;821;0;0.137;2.5
1;822;0;0.127;2.5
1;823;0;0.121;2.5
1;824;0.058;0.120;2.5
1;825;0.223;0.123;2.5
1;826;0.516;0.144;2.5
1;827;0.605;0.172;2.5
1;828;0.583;0.233;2.5
1;829;0.472;0.264;2.5
1;830;0.343;0.256;2.5
1;831;0.136;0.303;2.5
1;832;0.009;0.396;2.5
1;833;0;0.441;2.5
1;834;0;0.441;2.5
1;835;0;0.431;2.5
1;836;0;0.422;2.5
1;837;0;0.410;2.5
1;838;0;0.393;2.5
1;839;0;0.391;2.5
1;840;0;0.401;2.5
1;841;0;0.407;2.5
1;842;0;0.398;2.5
1;843;0;0.367;2.5
1;844;0;0.398;2.5
1;845;0;0.419;2.5
1;846;0;0.425;2.5
1;847;0;0.391;2.5
1;848;0.028;0.349;2.5
1;849;0.101;0.297;2.5
1;850;0.168;0.281;2.5
1;851;0.192;0.302;2.5
1;852;0.179;0.334;2.5
1;853;0.135;0.329;2.5
1;854;0.087;0.320;2.5
1;855;0.039;0.323;2.5
1;856;0.002;0.341;2.5
1;857;0;0.367;2.5
1;858;0;0.364;2.5
1;859;0;0.355;2.5
1;860;0;0.341;2.5
1;861;0;0.325;2.5
1;862;0;0.300;2.5
1;863;0;0.287;2.5
1;864;0;0.270;2.5
1;865;0;0.252;2.5
1;866;0;0.233;2.5
1;867;0;0.203;2.5
1;868;0;0.172;2.5
1;869;0;0.157;2.5
1;870;0;0.168;2.5
1;871;0;0.193;2.5
1;872;0.058;0.213;2.5
1;873;0.168;0.241;2.5
1;874;0.206;0.274;2.5
1;875;0.219;0.391;2.5
1;876;0.339;0.427;2.5
1;877;0.384;0.425;2.5
1;878;0.254;0.373;2.5
1;879;0.095;0.375;2.5
1;880;0.006;0.418;2.5
1;881;0;0.439;2.5
1;882;0;0.414;2.5
1;883;0;0.381;2.5
1;884;0;0.357;2.5
1;885;0;0.321;2.5
1;886;0;0.291;2.5
1;887;0;0.272;2.5
1;888;0;0.268;2.5
1;889;0;0.272;2.5
1;890;0;0.272;2.5
1;891;0;0.267;2.5
1;892;0;0.277;2.5
1;893;0;0.305;2.5
1;894;0;0.326;2.5
1;895;0;0.332;2.5
1;896;0.032;0.320;2.5
1;897;0.057;0.308;2.5
1;898;0.093;0.311;2.5
1;899;0.193;0.387;2.5
1;900;0.255;0.404;2.5
1;901;0.232;0.380;2.5
1;902;0.144;0.337;2.5
1;903;0.041;0.358;2.5
1;904;0.001;0.410;2.5
1;905;0;0.432;2.5
1;906;0;0.464;2.5
1;907;0;0.461;2.5
1;908;0;0.457;2.5
1;909;0;0.474;2.5
1;910;0;0.494;2.5
1;911;0;0.501;2.5
1;912;0;0.488;2.5
1;913;0;0.452;2.5
1;914;0;0.406;2.5
1;915;0;0.386;2.5
1;916;0;0.394;2.5
1;917;0;0.385;2.5
1;918;0;0.382;2.5
1;919;0;0.336;2.5
1;920;0.044;0.337;2.5
1;921;0.244;0.337;2.5
1;922;0.494;0.375;2.5
1;923;0.556;0.410;2.5
1;924;0.531;0.476;2.5
1;925;0.445;0.479;2.5
1;926;0.311;0.474;2.5
1;927;0.146;0.506;2.5
1;928;0.013;0.560;2.5
1;929;0;0.575;2.5
1;930;0;0.546;2.5
1;931;0;0.532;2.5
1;932;0;0.522;2.5
1;933;0;0.531;2.5
1;934;0;0.543;2.5
1;935;0;0.562;2.5
1;936;0;0.585;2.5
1;937;0;0.600;2.5
1;938;0;0.606;2.5
1;939;0;0.603;2.5
1;940;0;0.608;2.5
1;941;0;0.626;2.5
1;942;0;0.728;2.5
1;943;0;0.662;2.5
1;944;0.024;0.661;2.5
1;945;0.273;0.672;2.5
1;946;0.418;0.679;2.5
1;947;0.336;0.753;2.5
1;948;0.271;0.788;2.5
1;949;0.261;0.816;2.5
1;950;0.232;0.815;2.5
1;951;0.136;0.820;2.5
1;952;0.013;0.830;2.5
1;953;0;0.827;2.5
1;954;0;0.817;2.5
1;955;0;0.806;2.5
1;956;0;0.785;2.5
1;957;0;0.753;2.5
1;958;0;0.715;2.5
1;959;0;0.615;2.5
1;960;0;0.550;2.5
1;961;0;0.521;2.5
1;962;0;0.487;2.5
1;963;0;0.472;2.5
1;964;0;0.448;2.5
1;965;0;0.425;2.5
1;966;0;0.413;2.5
1;967;0;0.409;2.5
1;968;0.010;0.436;2.5
1;969;0.032;0.494;2.5
1;970;0.039;0.556;2.5
1;971;0.038;0.718;2.5
1;972;0.036;0.857;2.5
1;973;0.025;0.869;2.5
1;974;0.015;0.822;2.5
1;975;0.008;0.757;2.5
1;976;0;0.739;2.5
1;977;0;0.654;2.5
1;978;0;0.591;2.5
1;979;0;0.594;2.5
1;980;0;0.585;2.5
1;981;0;0.568;2.5
1;982;0;0.541;2.5
1;983;0;0.516;2.5
1;984;0;0.522;2.5
1;985;0;0.523;2.5
1;986;0;0.454;2.5
1;987;0;0.526;2.5
1;988;0;0.682;2.5
1;989;0;0.727;2.5
1;990;0;0.710;2.5
1;991;0.001;0.708;2.5
1;992;0.048;0.694;2.5
1;993;0.112;0.692;2.5
1;994;0.246;0.777;2.5
1;995;0.426;0.829;2.5
1;996;0.407;0.826;2.5
1;997;0.378;0.814;2.5
1;998;0.273;0.797;2.5
1;999;0.109;0.763;2.5
1;1000;0.016;0.751;2.5
1;1001;0;0.713;2.5
1;1002;0;0.683;2.5
1;1003;0;0.617;2.5
1;1004;0;0.552;2.5
1;1005;0;0.507;2.5
1;1006;0;0.517;2.5
1;1007;0;0.488;2.5
1;1008;0;0.451;2.5
1;1009;0;0.466;2.5
1;1010;0;0.465;2.5
1;1011;0;0.484;2.5
1;1012;0;0.510;2.5
1;1013;0;0.527;2.5
1;1014;0;0.487;2.5
1;1015;0.006;0.438;2.5
1;1016;0.123;0.361;2.5
1;1017;0.380;0.340;2.5
1;1018;0.549;0.425;2.5
1;1019;0.617;0.414;2.5
1;1020;0.615;0.381;2.5
1;1021;0.551;0.350;2.5
1;1022;0.430;0.328;2.5
1;1023;0.191;0.291;2.5
1;1024;0.020;0.291;2.5
1;1025;0;0.289;2.5
1;1026;0;0.255;2.5
1;1027;0;0.229;2.5
1;1028;0;0.242;2.5
1;1029;0;0.291;2.5
1;1030;0;0.311;2.5
1;1031;0;0.305;2.5
1;1032;0;0.340;2.5
1;1033;0;0.379;2.5
1;1034;0;0.411;2.5
1;1035;0;0.456;2.5
1;1036;0;0.481;2.5
1;1037;0;0.481;2.5
1;1038;0;0.519;2.5
1;1039;0;0.518;2.5
1;1040;0.004;0.525;2.5
1;1041;0.011;0.531;2.5
1;1042;0.018;0.513;2.5
1;1043;0.020;0.517;2.5
1;1044;0.027;0.525;2.5
1;1045;0.041;0.488;2.5
1;1046;0.034;0.463;2.5
1;1047;0.013;0.446;2.5
1;1048;0;0.459;2.5
1;1049;0;0.437;2.5
1;1050;0;0.364;2.5
1;1051;0;0.376;2.5
1;1052;0;0.390;2.5
1;1053;0;0.360;2.5
1;1054;0;0.379;2.5
1;1055;0;0.379;2.5
1;1056;0;0.360;2.5
1;1057;0;0.322;2.5
1;1058;0;0.280;2.5
1;1059;0;0.240;2.5
1;1060;0;0.233;2.5
1;1061;0;0.251;2.5
1;1062;0;0.237;2.5
1;1063;0.002;0.221;2.5
1;1064;0.062;0.170;2.5
1;1065;0.172;0.118;2.5
1;1066;0.320;0.130;2.5
1;1067;0.448;0.163;2.5
1;1068;0.534;0.162;2.5
1;1069;0.507;0.155;2.5
1;1070;0.396;0.139;2.5
1;1071;0.222;0.113;2.5
1;1072;0.041;0.110;2.5
1;1073;0;0.133;2.5
1;1074;0;0.185;2.5
1;1075;0;0.240;2.5
1;1076;0;0.269;2.5
1;1077;0;0.266;2.5
1;1078;0;0.259;2.5
1;1079;0;0.251;2.5
1;1080;0;0.240;2.5
1;1081;0;0.227;2.5
1;1082;0;0.219;2.5
1;1083;0;0.209;2.5
1;1084;0;0.186;2.5
1;1085;0;0.157;2.5
1;1086;0;0.128;2.5
1;1087;0.025;0.100;2.5
1;1088;0.219;0.067;2.5
1;1089;0.426;0.032;2.5
1;1090;0.580;0.021;2.5
1;1091;0.638;0.023;2.5
1;1092;0.635;0.037;2.5
1;1093;0.582;0.031;2.5
1;1094;0.466;0.026;2.5
1;1095;0.289;0.034;2.5
1;1096;0.068;0.059;2.5
1;1097;0;0.101;2.5
1;1098;0;0.156;2.5
1;1099;0;0.219;2.5
1;1100;0;0.273;2.5
1;1101;0;0.312;2.5
1;1102;0;0.334;2.5
1;1103;0;0.344;2.5
1;1104;0;0.345;2.5
1;1105;0;0.343;2.5
1;1106;0;0.343;2.5
1;1107;0;0.354;2.5
1;1108;0;0.352;2.5
1;1109;0;0.352;2.5
1;1110;0;0.367;2.5
1;1111;0.036;0.376;2.5
1;1112;0.278;0.271;2.5
1;1113;0.469;0.169;2.5
1;1114;0.590;0.140;2.5
1;1115;0.643;0.138;2.5
1;1116;0.637;0.225;2.5
1;1117;0.583;0.249;2.5
1;1118;0.469;0.218;2.5
1;1119;0.293;0.250;2.5
1;1120;0.073;0.332;2.5
1;1121;0;0.387;2.5
1;1122;0;0.422;2.5
1;1123;0;0.442;2.5
1;1124;0;0.433;2.5
1;1125;0;0.401;2.5
1;1126;0;0.374;2.5
1;1127;0;0.352;2.5
1;1128;0;0.331;2.5
1;1129;0;0.295;2.5
1;1130;0;0.234;2.5
1;1131;0;0.175;2.5
1;1132;0;0.135;2.5
1;1133;0;0.111;2.5
1;1134;0;0.093;2.5
1;1135;0.001;0.076;2.5
1;1136;0.029;0.058;2.5
1;1137;0.118;0.045;2.5
1;1138;0.392;0.034;2.5
1;1139;0.563;0.031;2.5
1;1140;0.574;0.030;2.5
1;1141;0.522;0.033;2.5
1;1142;0.409;0.042;2.5
1;1143;0.230;0.059;2.5
1;1144;0.043;0.111;2.5
1;1145;0;0.185;2.5
1;1146;0;0.252;2.5
1;1147;0;0.300;2.5
1;1148;0;0.326;2.5
1;1149;0;0.332;2.5
1;1150;0;0.315;2.5
1;1151;0;0.292;2.5
1;1152;0;0.272;2.5
1;1153;0;0.255;2.5
1;1154;0;0.226;2.5
1;1155;0;0.188;2.5
1;1156;0;0.152;2.5
1;1157;0;0.121;2.5
1;1158;0;0.102;2.5
1;1159;0.004;0.093;2.5
1;1160;0.059;0.074;2.5
1;1161;0.310;0.054;2.5
1;1162;0.573;0.043;2.5
1;1163;0.632;0.045;2.5
1;1164;0.631;0.051;2.5
1;1165;0.572;0.062;2.5
1;1166;0.458;0.073;2.5
1;1167;0.284;0.093;2.5
1;1168;0.074;0.133;2.5
1;1169;0;0.177;2.5
1;1170;0;0.228;2.5
1;1171;0;0.286;2.5
1;1172;0;0.340;2.5
1;1173;0;0.379;2.5
1;1174;0;0.404;2.5
1;1175;0;0.423;2.5
1;1176;0;0.430;2.5
1;1177;0;0.417;2.5
1;1178;0;0.394;2.5
1;1179;0;0.362;2.5
1;1180;0;0.343;2.5
1;1181;0;0.329;2.5
1;1182;0;0.323;2.5
1;1183;0.008;0.317;2.5
1;1184;0.068;0.311;2.5
1;1185;0.133;0.279;2.5
1;1186;0.118;0.299;2.5
1;1187;0.096;0.364;2.5
1;1188;0.157;0.445;2.5
1;1189;0.316;0.520;2.5
1;1190;0.378;0.566;2.5
1;1191;0.190;0.560;2.5
1;1192;0.028;0.538;2.5
1;1193;0;0.556;2.5
1;1194;0;0.506;2.5
1;1195;0;0.495;2.5
1;1196;0;0.512;2.5
1;1197;0;0.528;2.5
1;1198;0;0.513;2.5
1;1199;0;0.507;2.5
1;1200;0;0.505;2.5
1;1201;0;0.523;2.5
1;1202;0;0.516;2.5
1;1203;0;0.501;2.5
1;1204;0;0.457;2.5
1;1205;0;0.407;2.5
1;1206;0;0.366;2.5
1;1207;0.004;0.324;2.5
1;1208;0.046;0.293;2.5
1;1209;0.148;0.297;2.5
1;1210;0.262;0.342;2.5
1;1211;0.242;0.352;2.5
1;1212;0.200;0.358;2.5
1;1213;0.161;0.341;2.5
1;1214;0.151;0.313;2.5
1;1215;0.105;0.257;2.5
1;1216;0.025;0.244;2.5
1;1217;0;0.264;2.5
1;1218;0;0.278;2.5
1;1219;0;0.279;2.5
1;1220;0;0.278;2.5
1;1221;0;0.282;2.5
1;1222;0;0.284;2.5
1;1223;0;0.270;2.5
1;1224;0;0.259;2.5
1;1225;0;0.254;2.5
1;1226;0;0.253;2.5
1;1227;0;0.253;2.5
1;1228;0;0.259;2.5
1;1229;0;0.269;2.5
1;1230;0;0.285;2.5
1;1231;0.002;0.294;2.5
1;1232;0.021;0.272;2.5
1;1233;0.062;0.259;2.5
1;1234;0.172;0.323;2.5
1;1235;0.407;0.422;2.5
1;1236;0.332;0.478;2.5
1;1237;0.162;0.464;2.5
1;1238;0.074;0.410;2.5
1;1239;0.028;0.386;2.5
1;1240;0.004;0.406;2.5
1;1241;0;0.462;2.5
1;1242;0;0.501;2.5
1;1243;0;0.494;2.5
1;1244;0;0.468;2.5
1;1245;0;0.447;2.5
1;1246;0;0.443;2.5
1;1247;0;0.437;2.5
1;1248;0;0.423;2.5
1;1249;0;0.400;2.5
1;1250;0;0.367;2.5
1;1251;0;0.352;2.5
1;1252;0;0.364;2.5
1;1253;0;0.389;2.5
1;1254;0;0.391;2.5
1;1255;0.066;0.376;2.5
1;1256;0.302;0.400;2.5
1;1257;0.495;0.470;2.5
1;1258;0.624;0.422;2.5
1;1259;0.692;0.355;2.5
1;1260;0.703;0.295;2.5
1;1261;0.652;0.243;2.5
1;1262;0.539;0.196;2.5
1;1263;0.357;0.167;2.5
1;1264;0.123;0.167;2.5
1;1265;0;0.224;2.5
1;1266;0;0.281;2.5
1;1267;0;0.299;2.5
1;1268;0;0.299;2.5
1;1269;0;0.310;2.5
1;1270;0;0.300;2.5
1;1271;0;0.265;2.5
1;1272;0;0.238;2.5
1;1273;0;0.228;2.5
1;1274;0;0.213;2.5
1;1275;0;0.167;2.5
1;1276;0;0.138;2.5
1;1277;0;0.154;2.5
1;1278;0;0.140;2.5
1;1279;0.095;0.103;2.5
1;1280;0.323;0.066;2.5
1;1281;0.496;0.097;2.5
1;1282;0.608;0.106;2.5
1;1283;0.654;0.123;2.5
1;1284;0.632;0.131;2.5
1;1285;0.518;0.125;2.5
1;1286;0.355;0.107;2.5
1;1287;0.269;0.083;2.5
1;1288;0.110;0.082;2.5
1;1289;0;0.104;2.5
1;1290;0;0.146;2.5
1;1291;0;0.204;2.5
1;1292;0;0.256;2.5
1;1293;0;0.278;2.5
1;1294;0;0.261;2.5
1;1295;0;0.220;2.5
1;1296;0;0.176;2.5
1;1297;0;0.138;2.5
1;1298;0;0.105;2.5
1;1299;0;0.084;2.5
1;1300;0;0.072;2.5
1;1301;0;0.068;2.5
1;1302;0;0.065;2.5
1;1303;0.087;0.061;2.5
1;1304;0.301;0.037;2.5
1;1305;0.454;0.017;2.5
1;1306;0.496;0.013;2.5
1;1307;0.443;0.021;2.5
1;1308;0.377;0.022;2.5
1;1309;0.343;0.023;2.5
1;1310;0.338;0.027;2.5
1;1311;0.284;0.035;2.5
1;1312;0.112;0.052;2.5
1;1313;0;0.070;2.5
1;1314;0;0.096;2.5
1;1315;0;0.134;2.5
1;1316;0;0.168;2.5
1;1317;0;0.183;2.5
1;1318;0;0.179;2.5
1;1319;0;0.162;2.5
1;1320;0;0.146;2.5
1;1321;0;0.137;2.5
1;1322;0;0.138;2.5
1;1323;0;0.151;2.5
1;1324;0;0.168;2.5
1;1325;0;0.184;2.5
1;1326;0;0.194;2.5
1;1327;0.100;0.193;2.5
1;1328;0.311;0.131;2.5
1;1329;0.483;0.065;2.5
1;1330;0.577;0.055;2.5
1;1331;0.637;0.091;2.5
1;1332;0.663;0.119;2.5
1;1333;0.616;0.153;2.5
1;1334;0.496;0.178;2.5
1;1335;0.326;0.178;2.5
1;1336;0.117;0.233;2.5
1;1337;0;0.320;2.5
1;1338;0;0.367;2.5
1;1339;0;0.371;2.5
1;1340;0;0.352;2.5
1;1341;0;0.314;2.5
1;1342;0;0.285;2.5
1;1343;0;0.282;2.5
1;1344;0;0.272;2.5
1;1345;0;0.251;2.5
1;1346;0;0.249;2.5
1;1347;0;0.241;2.5
1;1348;0;0.232;2.5
1;1349;0;0.201;2.5
1;1350;0;0.177;2.5
1;1351;0.028;0.156;2.5
1;1352;0.199;0.106;2.5
1;1353;0.375;0.068;2.5
1;1354;0.446;0.077;2.5
1;1355;0.510;0.067;2.5
1;1356;0.524;0.065;2.5
1;1357;0.477;0.086;2.5
1;1358;0.381;0.114;2.5
1;1359;0.238;0.138;2.5
1;1360;0.069;0.165;2.5
1;1361;0;0.191;2.5
1;1362;0;0.183;2.5
1;1363;0;0.155;2.5
1;1364;0;0.116;2.5
1;1365;0;0.068;2.5
1;1366;0;0.028;2.5
1;1367;0;0.007;2.5
1;1368;0;0.002;2.5
1;1369;0;0.004;2.5
1;1370;0;0.016;2.5
1;1371;0;0.031;2.5
1;1372;0;0.044;2.5
1;1373;0;0.050;2.5
1;1374;0;0.051;2.5
1;1375;0.013;0.051;2.5
1;1376;0.078;0.051;2.5
1;1377;0.255;0.047;2.5
1;1378;0.557;0.058;2.5
1;1379;0.667;0.088;2.5
1;1380;0.667;0.109;2.5
1;1381;0.610;0.131;2.5
1;1382;0.496;0.148;2.5
1;1383;0.291;0.152;2.5
1;1384;0.120;0.175;2.5
1;1385;0.001;0.202;2.5
1;1386;0;0.243;2.5
1;1387;0;0.315;2.5
1;1388;0;0.409;2.5
1;1389;0;0.491;2.5
1;1390;0;0.542;2.5
1;1391;0;0.556;2.5
1;1392;0;0.541;2.5
1;1393;0;0.516;2.5
1;1394;0;0.487;2.5
1;1395;0;0.466;2.5
1;1396;0;0.464;2.5
1;1397;0;0.453;2.5
1;1398;0;0.425;2.5
1;1399;0.028;0.398;2.5
1;1400;0.147;0.367;2.5
1;1401;0.324;0.419;2.5
1;1402;0.405;0.410;2.5
1;1403;0.511;0.410;2.5
1;1404;0.564;0.401;2.5
1;1405;0.421;0.375;2.5
1;1406;0.273;0.348;2.5
1;1407;0.137;0.309;2.5
1;1408;0.044;0.260;2.5
1;1409;0;0.261;2.5
1;1410;0;0.261;2.5
1;1411;0;0.245;2.5
1;1412;0;0.225;2.5
1;1413;0;0.201;2.5
1;1414;0;0.147;2.5
1;1415;0;0.100;2.5
1;1416;0;0.070;2.5
1;1417;0;0.053;2.5
1;1418;0;0.046;2.5
1;1419;0;0.043;2.5
1;1420;0;0.039;2.5
1;1421;0;0.033;2.5
1;1422;0;0.032;2.5
1;1423;0.006;0.032;2.5
1;1424;0.032;0.035;2.5
1;1425;0.064;0.039;2.5
1;1426;0.102;0.039;2.5
1;1427;0.109;0.053;2.5
1;1428;0.134;0.090;2.5
1;1429;0.138;0.122;2.5
1;1430;0.174;0.127;2.5
1;1431;0.128;0.120;2.5
1;1432;0.048;0.109;2.5
1;1433;0;0.114;2.5
1;1434;0;0.112;2.5
1;1435;0;0.094;2.5
1;1436;0;0.072;2.5
1;1437;0;0.048;2.5
1;1438;0;0.027;2.5
1;1439;0;0.014;2.5
1;1440;0;0.009;2.5
1;1441;0;0.011;2.5
1;1442;0;0.024;2.5
1;1443;0;0.042;2.5
1;1444;0;0.056;2.5
1;1445;0;0.070;2.5
1;1446;0;0.086;2.5
1;1447;0.025;0.093;2.5
1;1448;0.098;0.073;2.5
1;1449;0.218;0.102;2.5
1;1450;0.342;0.140;2.5
1;1451;0.237;0.158;2.5
1;1452;0.345;0.163;2.5
1;1453;0.323;0.155;2.5
1;1454;0.285;0.139;2.5
1;1455;0.176;0.130;2.5
1;1456;0.040;0.113;2.5
1;1457;0;0.124;2.5
1;1458;0;0.170;2.5
1;1459;0;0.231;2.5
1;1460;0;0.274;2.5
1;1461;0;0.300;2.5
1;1462;0;0.323;2.5
1;1463;0;0.358;2.5
1;1464;0;0.385;2.5
1;1465;0;0.379;2.5
1;1466;0;0.358;2.5
1;1467;0;0.425;2.5
1;1468;0;0.411;2.5
1;1469;0;0.404;2.5
1;1470;0;0.446;2.5
1;1471;0.026;0.478;2.5
1;1472;0.114;0.524;2.5
1;1473;0.127;0.590;2.5
1;1474;0.058;0.705;2.5
1;1475;0.036;0.727;2.5
1;1476;0.032;0.654;2.5
1;1477;0.027;0.617;2.5
1;1478;0.025;0.601;2.5
1;1479;0.018;0.584;2.5
1;1480;0.004;0.580;2.5
1;1481;0;0.580;2.5
1;1482;0;0.599;2.5
1;1483;0;0.672;2.5
1;1484;0;0.695;2.5
1;1485;0;0.679;2.5
1;1486;0;0.625;2.5
1;1487;0;0.586;2.5
1;1488;0;0.550;2.5
1;1489;0;0.516;2.5
1;1490;0;0.510;2.5
1;1491;0;0.571;2.5
1;1492;0;0.512;2.5
1;1493;0;0.525;2.5
1;1494;0;0.556;2.5
1;1495;0.015;0.590;2.5
1;1496;0.034;0.613;2.5
1;1497;0.065;0.621;2.5
1;1498;0.192;0.651;2.5
1;1499;0.300;0.820;2.5
1;1500;0.554;0.928;2.5
1;1501;0.428;0.959;2.5
1;1502;0.360;0.950;2.5
1;1503;0.167;0.938;2.5
1;1504;0.024;0.909;2.5
1;1505;0;0.879;2.5
1;1506;0;0.845;2.5
1;1507;0;0.847;2.5
1;1508;0;0.880;2.5
1;1509;0;0.903;2.5
1;1510;0;0.908;2.5
1;1511;0;0.903;2.5
1;1512;0;0.900;2.5
1;1513;0;0.887;2.5
1;1514;0;0.864;2.5
1;1515;0;0.831;2.5
1;1516;0;0.819;2.5
1;1517;0;0.832;2.5
1;1518;0;0.834;2.5
1;1519;0.055;0.808;2.5
1;1520;0.215;0.799;2.5
1;1521;0.378;0.842;2.5
1;1522;0.437;0.841;2.5
1;1523;0.476;0.820;2.5
1;1524;0.449;0.796;2.5
1;1525;0.385;0.761;2.5
1;1526;0.300;0.710;2.5
1;1527;0.173;0.627;2.5
1;1528;0.045;0.491;2.5
1;1529;0.001;0.438;2.5
1;1530;0;0.387;2.5
1;1531;0;0.362;2.5
1;1532;0;0.374;2.5
1;1533;0;0.346;2.5
1;1534;0;0.337;2.5
1;1535;0;0.313;2.5
1;1536;0;0.274;2.5
1;1537;0;0.233;2.5
1;1538;0;0.233;2.5
1;1539;0;0.231;2.5
1;1540;0;0.192;2.5
1;1541;0;0.149;2.5
1;1542;0;0.137;2.5
1;1543;0.019;0.155;2.5
1;1544;0.107;0.193;2.5
1;1545;0.241;0.243;2.5
1;1546;0.232;0.306;2.5
1;1547;0.202;0.394;2.5
1;1548;0.231;0.468;2.5
1;1549;0.210;0.481;2.5
1;1550;0.097;0.448;2.5
1;1551;0.052;0.454;2.5
1;1552;0.018;0.482;2.5
1;1553;0;0.498;2.5
1;1554;0;0.503;2.5
1;1555;0;0.513;2.5
1;1556;0;0.601;2.5
1;1557;0;0.658;2.5
1;1558;0;0.617;2.5
1;1559;0;0.573;2.5
1;1560;0;0.523;2.5
1;1561;0;0.522;2.5
1;1562;0;0.529;2.5
1;1563;0;0.526;2.5
1;1564;0;0.473;2.5
1;1565;0;0.481;2.5
1;1566;0;0.570;2.5
1;1567;0.044;0.538;2.5
1;1568;0.144;0.595;2.5
1;1569;0.168;0.602;2.5
1;1570;0.137;0.615;2.5
1;1571;0.286;0.696;2.5
1;1572;0.353;0.828;2.5
1;1573;0.450;0.876;2.5
1;1574;0.245;0.844;2.5
1;1575;0.124;0.777;2.5
1;1576;0.105;0.678;2.5
1;1577;0.010;0.583;2.5
1;1578;0;0.549;2.5
1;1579;0;0.533;2.5
1;1580;0;0.525;2.5
1;1581;0;0.569;2.5
1;1582;0;0.548;2.5
1;1583;0;0.568;2.5
1;1584;0;0.594;2.5
1;1585;0;0.621;2.5
1;1586;0;0.662;2.5
1;1587;0;0.713;2.5
1;1588;0;0.734;2.5
1;1589;0;0.752;2.5
1;1590;0;0.848;2.5
1;1591;0.014;0.892;2.5
1;1592;0.037;0.917;2.5
1;1593;0.050;0.924;2.5
1;1594;0.095;0.921;2.5
1;1595;0.276;0.910;2.5
1;1596;0.374;0.901;2.5
1;1597;0.424;0.881;2.5
1;1598;0.393;0.834;2.5
1;1599;0.323;0.751;2.5
1;1600;0.153;0.630;2.5
1;1601;0.012;0.517;2.5
1;1602;0;0.440;2.5
1;1603;0;0.388;2.5
1;1604;0;0.380;2.5
1;1605;0;0.380;2.5
1;1606;0;0.367;2.5
1;1607;0;0.367;2.5
1;1608;0;0.337;2.5
1;1609;0;0.360;2.5
1;1610;0;0.400;2.5
1;1611;0;0.397;2.5
1;1612;0;0.444;2.5
1;1613;0;0.503;2.5
1;1614;0;0.597;2.5
1;1615;0.008;0.771;2.5
1;1616;0.023;0.839;2.5
1;1617;0.127;0.850;2.5
1;1618;0.522;0.894;2.5
1;1619;0.604;0.903;2.5
1;1620;0.575;0.902;2.5
1;1621;0.319;0.897;2.5
1;1622;0.235;0.888;2.5
1;1623;0.149;0.858;2.5
1;1624;0.071;0.794;2.5
1;1625;0.002;0.717;2.5
1;1626;0;0.516;2.5
1;1627;0;0.379;2.5
1;1628;0;0.395;2.5
1;1629;0;0.504;2.5
1;1630;0;0.674;2.5
1;1631;0;0.732;2.5
1;1632;0;0.778;2.5
1;1633;0;0.809;2.5
1;1634;0;0.803;2.5
1;1635;0;0.796;2.5
1;1636;0;0.746;2.5
1;1637;0;0.652;2.5
1;1638;0;0.523;2.5
1;1639;0.020;0.364;2.5
1;1640;0.073;0.278;2.5
1;1641;0.165;0.302;2.5
1;1642;0.130;0.316;2.5
1;1643;0.144;0.252;2.5
1;1644;0.177;0.157;2.5
1;1645;0.162;0.076;2.5
1;1646;0.103;0.035;2.5
1;1647;0.045;0.023;2.5
1;1648;0.015;0.068;2.5
1;1649;0;0.159;2.5
1;1650;0;0.249;2.5
1;1651;0;0.291;2.5
1;1652;0;0.328;2.5
1;1653;0;0.378;2.5
1;1654;0;0.449;2.5
1;1655;0;0.447;2.5
1;1656;0;0.418;2.5
1;1657;0;0.395;2.5
1;1658;0;0.398;2.5
1;1659;0;0.348;2.5
1;1660;0;0.344;2.5
1;1661;0;0.337;2.5
1;1662;0;0.334;2.5
1;1663;0.017;0.300;2.5
1;1664;0.105;0.386;2.5
1;1665;0.198;0.537;2.5
1;1666;0.227;0.574;2.5
1;1667;0.239;0.565;2.5
1;1668;0.195;0.562;2.5
1;1669;0.141;0.560;2.5
1;1670;0.086;0.507;2.5
1;1671;0.052;0.412;2.5
1;1672;0.027;0.289;2.5
1;1673;0.002;0.272;2.5
1;1674;0;0.278;2.5
1;1675;0;0.261;2.5
1;1676;0;0.264;2.5
1;1677;0;0.270;2.5
1;1678;0;0.241;2.5
1;1679;0;0.185;2.5
1;1680;0;0.144;2.5
1;1681;0;0.133;2.5
1;1682;0;0.157;2.5
1;1683;0;0.170;2.5
1;1684;0;0.152;2.5
1;1685;0;0.140;2.5
1;1686;0;0.151;2.5
1;1687;0.029;0.191;2.5
1;1688;0.088;0.217;2.5
1;1689;0.151;0.274;2.5
1;1690;0.276;0.328;2.5
1;1691;0.401;0.355;2.5
1;1692;0.445;0.381;2.5
1;1693;0.387;0.407;2.5
1;1694;0.317;0.441;2.5
1;1695;0.173;0.463;2.5
1;1696;0.048;0.475;2.5
1;1697;0.003;0.509;2.5
1;1698;0;0.588;2.5
1;1699;0;0.639;2.5
1;1700;0;0.684;2.5
1;1701;0;0.707;2.5
1;1702;0;0.699;2.5
1;1703;0;0.687;2.5
1;1704;0;0.679;2.5
1;1705;0;0.668;2.5
1;1706;0;0.626;2.5
1;1707;0;0.620;2.5
1;1708;0;0.694;2.5
1;1709;0;0.661;2.5
1;1710;0.005;0.570;2.5
1;1711;0.171;0.459;2.5
1;1712;0.376;0.613;2.5
1;1713;0.531;0.791;2.5
1;1714;0.606;0.844;2.5
1;1715;0.588;0.855;2.5
1;1716;0.531;0.852;2.5
1;1717;0.415;0.842;2.5
1;1718;0.311;0.832;2.5
1;1719;0.164;0.799;2.5
1;1720;0.080;0.779;2.5
1;1721;0.010;0.781;2.5
1;1722;0;0.791;2.5
1;1723;0;0.801;2.5
1;1724;0;0.783;2.5
1;1725;0;0.731;2.5
1;1726;0;0.708;2.5
1;1727;0;0.690;2.5
1;1728;0;0.706;2.5
1;1729;0;0.748;2.5
1;1730;0;0.794;2.5
1;1731;0;0.799;2.5
1;1732;0;0.760;2.5
1;1733;0;0.689;2.5
1;1734;0.004;0.566;2.5
1;1735;0.064;0.453;2.5
1;1736;0.082;0.460;2.5
1;1737;0.084;0.492;2.5
1;1738;0.101;0.624;2.5
1;1739;0.155;0.692;2.5
1;1740;0.137;0.700;2.5
1;1741;0.091;0.661;2.5
1;1742;0.060;0.642;2.5
1;1743;0.034;0.654;2.5
1;1744;0.013;0.661;2.5
1;1745;0;0.608;2.5
1;1746;0;0.499;2.5
1;1747;0;0.344;2.5
1;1748;0;0.289;2.5
1;1749;0;0.412;2.5
1;1750;0;0.595;2.5
1;1751;0;0.696;2.5
1;1752;0;0.758;2.5
1;1753;0;0.770;2.5
1;1754;0;0.772;2.5
1;1755;0;0.783;2.5
1;1756;0;0.777;2.5
1;1757;0;0.744;2.5
1;1758;0.001;0.694;2.5
1;1759;0.044;0.615;2.5
1;1760;0.131;0.583;2.5
1;1761;0.297;0.592;2.5
1;1762;0.465;0.570;2.5
1;1763;0.434;0.574;2.5
1;1764;0.206;0.574;2.5
1;1765;0.102;0.563;2.5
1;1766;0.099;0.647;2.5
1;1767;0.035;0.748;2.5
1;1768;0.014;0.809;2.5
1;1769;0.012;0.877;2.5
1;1770;0;0.923;2.5
1;1771;0;0.915;2.5
1;1772;0;0.911;2.5
1;1773;0;0.901;2.5
1;1774;0;0.899;2.5
1;1775;0;0.904;2.5
1;1776;0;0.902;2.5
1;1777;0;0.898;2.5
1;1778;0;0.880;2.5
1;1779;0;0.855;2.5
1;1780;0;0.811;2.5
1;1781;0;0.735;2.5
1;1782;0.002;0.646;2.5
1;1783;0.044;0.571;2.5
1;1784;0.162;0.547;2.5
1;1785;0.232;0.615;2.5
1;1786;0.167;0.565;2.5
1;1787;0.171;0.506;2.5
1;1788;0.150;0.422;2.5
1;1789;0.158;0.318;2.5
1;1790;0.159;0.261;2.5
1;1791;0.054;0.251;2.5
1;1792;0.017;0.237;2.5
1;1793;0.002;0.256;2.5
1;1794;0;0.341;2.5
1;1795;0;0.445;2.5
1;1796;0;0.479;2.5
1;1797;0;0.523;2.5
1;1798;0;0.574;2.5
1;1799;0;0.646;2.5
1;1800;0;0.603;2.5
1;1801;0;0.574;2.5
1;1802;0;0.535;2.5
1;1803;0;0.514;2.5
1;1804;0;0.491;2.5
1;1805;0;0.472;2.5
1;1806;0.006;0.466;2.5
1;1807;0.090;0.501;2.5
1;1808;0.300;0.543;2.5
1;1809;0.444;0.720;2.5
1;1810;0.473;0.791;2.5
1;1811;0.386;0.813;2.5
1;1812;0.268;0.782;2.5
1;1813;0.193;0.722;2.5
1;1814;0.163;0.668;2.5
1;1815;0.119;0.586;2.5
1;1816;0.056;0.476;2.5
1;1817;0.015;0.386;2.5
1;1818;0;0.355;2.5
1;1819;0;0.379;2.5
1;1820;0;0.398;2.5
1;1821;0;0.407;2.5
1;1822;0;0.428;2.5
1;1823;0;0.441;2.5
1;1824;0;0.454;2.5
1;1825;0;0.461;2.5
1;1826;0;0.552;2.5
1;1827;0;0.618;2.5
1;1828;0;0.663;2.5
1;1829;0;0.682;2.5
1;1830;0.008;0.710;2.5
1;1831;0.058;0.703;2.5
1;1832;0.106;0.725;2.5
1;1833;0.178;0.785;2.5
1;1834;0.336;0.809;2.5
1;1835;0.331;0.822;2.5
1;1836;0.272;0.828;2.5
1;1837;0.223;0.824;2.5
1;1838;0.223;0.816;2.5
1;1839;0.152;0.778;2.5
1;1840;0.085;0.715;2.5
1;1841;0.018;0.690;2.5
1;1842;0;0.672;2.5
1;1843;0;0.629;2.5
1;1844;0;0.538;2.5
1;1845;0;0.459;2.5
1;1846;0;0.433;2.5
1;1847;0;0.430;2.5
1;1848;0;0.395;2.5
1;1849;0;0.348;2.5
1;1850;0;0.299;2.5
1;1851;0;0.265;2.5
1;1852;0;0.273;2.5
1;1853;0;0.261;2.5
1;1854;0.001;0.231;2.5
1;1855;0.034;0.229;2.5
1;1856;0.088;0.219;2.5
1;1857;0.241;0.243;2.5
1;1858;0.586;0.231;2.5
1;1859;0.621;0.218;2.5
1;1860;0.554;0.226;2.5
1;1861;0.482;0.236;2.5
1;1862;0.396;0.237;2.5
1;1863;0.249;0.223;2.5
1;1864;0.095;0.177;2.5
1;1865;0.025;0.156;2.5
1;1866;0;0.165;2.5
1;1867;0;0.158;2.5
1;1868;0;0.140;2.5
1;1869;0;0.107;2.5
1;1870;0;0.071;2.5
1;1871;0;0.043;2.5
1;1872;0;0.031;2.5
1;1873;0;0.035;2.5
1;1874;0;0.062;2.5
1;1875;0;0.107;2.5
1;1876;0;0.144;2.5
1;1877;0;0.164;2.5
1;1878;0.018;0.171;2.5
1;1879;0.137;0.115;2.5
1;1880;0.407;0.077;2.5
1;1881;0.558;0.155;2.5
1;1882;0.628;0.194;2.5
1;1883;0.615;0.218;2.5
1;1884;0.508;0.254;2.5
1;1885;0.289;0.291;2.5
1;1886;0.245;0.316;2.5
1;1887;0.251;0.317;2.5
1;1888;0.132;0.297;2.5
1;1889;0.017;0.318;2.5
1;1890;0;0.351;2.5
1;1891;0;0.362;2.5
1;1892;0;0.337;2.5
1;1893;0;0.307;2.5
1;1894;0;0.272;2.5
1;1895;0;0.240;2.5
1;1896;0;0.219;2.5
1;1897;0;0.214;2.5
1;1898;0;0.232;2.5
1;1899;0;0.222;2.5
1;1900;0;0.203;2.5
1;1901;0;0.198;2.5
1;1902;0.002;0.187;2.5
1;1903;0.025;0.152;2.5
1;1904;0.045;0.128;2.5
1;1905;0.076;0.133;2.5
1;1906;0.137;0.192;2.5
1;1907;0.164;0.214;2.5
1;1908;0.157;0.210;2.5
1;1909;0.166;0.199;2.5
1;1910;0.202;0.181;2.5
1;1911;0.213;0.162;2.5
1;1912;0.137;0.134;2.5
1;1913;0.037;0.116;2.5
1;1914;0;0.127;2.5
1;1915;0;0.141;2.5
1;1916;0;0.155;2.5
1;1917;0;0.156;2.5
1;1918;0;0.134;2.5
1;1919;0;0.100;2.5
1;1920;0;0.069;2.5
1;1921;0;0.056;2.5
1;1922;0;0.053;2.5
1;1923;0;0.045;2.5
1;1924;0;0.036;2.5
1;1925;0;0.043;2.5
1;1926;0.002;0.051;2.5
1;1927;0.026;0.026;2.5
1;1928;0.073;0.010;2.5
1;1929;0.137;0.011;2.5
1;1930;0.193;0.018;2.5
1;1931;0.245;0.026;2.5
1;1932;0.276;0.029;2.5
1;1933;0.277;0.026;2.5
1;1934;0.236;0.021;2.5
1;1935;0.168;0.020;2.5
1;1936;0.092;0.030;2.5
1;1937;0.022;0.073;2.5
1;1938;0;0.158;2.5
1;1939;0;0.232;2.5
1;1940;0;0.270;2.5
1;1941;0;0.281;2.5
1;1942;0;0.256;2.5
1;1943;0;0.223;2.5
1;1944;0;0.179;2.5
1;1945;0;0.135;2.5
1;1946;0;0.117;2.5
1;1947;0;0.113;2.5
1;1948;0;0.113;2.5
1;1949;0;0.103;2.5
1;1950;0.005;0.084;2.5
1;1951;0.044;0.062;2.5
1;1952;0.137;0.057;2.5
1;1953;0.368;0.068;2.5
1;1954;0.520;0.101;2.5
1;1955;0.656;0.143;2.5
1;1956;0.664;0.178;2.5
1;1957;0.582;0.235;2.5
1;1958;0.466;0.300;2.5
1;1959;0.283;0.344;2.5
1;1960;0.099;0.348;2.5
1;1961;0.013;0.308;2.5
1;1962;0;0.251;2.5
1;1963;0;0.204;2.5
1;1964;0;0.193;2.5
1;1965;0;0.213;2.5
1;1966;0;0.216;2.5
1;1967;0;0.204;2.5
1;1968;0;0.199;2.5
1;1969;0;0.183;2.5
1;1970;0;0.161;2.5
1;1971;0;0.139;2.5
1;1972;0;0.123;2.5
1;1973;0;0.112;2.5
1;1974;0.023;0.091;2.5
1;1975;0.157;0.042;2.5
1;1976;0.345;0.018;2.5
1;1977;0.512;0.003;2.5
1;1978;0.651;0.005;2.5
1;1979;0.716;0.011;2.5
1;1980;0.722;0.018;2.5
1;1981;0.633;0.024;2.5
1;1982;0.479;0.035;2.5
1;1983;0.315;0.055;2.5
1;1984;0.185;0.073;2.5
1;1985;0.064;0.088;2.5
1;1986;0;0.096;2.5
1;1987;0;0.095;2.5
1;1988;0;0.101;2.5
1;1989;0;0.118;2.5
1;1990;0;0.150;2.5
1;1991;0;0.182;2.5
1;1992;0;0.202;2.5
1;1993;0;0.231;2.5
1;1994;0;0.278;2.5
1;1995;0;0.339;2.5
1;1996;0;0.364;2.5
1;1997;0;0.358;2.5
1;1998;0.002;0.343;2.5
1;1999;0.022;0.334;2.5
1;2000;0.057;0.402;2.5
1;2001;0.123;0.456;2.5
1;2002;0.265;0.457;2.5
1;2003;0.268;0.403;2.5
1;2004;0.238;0.367;2.5
1;2005;0.203;0.332;2.5
1;2006;0.183;0.300;2.5
1;2007;0.183;0.289;2.5
1;2008;0.125;0.269;2.5
1;2009;0.044;0.253;2.5
1;2010;0;0.320;2.5
1;2011;0;0.337;2.5
1;2012;0;0.350;2.5
1;2013;0;0.336;2.5
1;2014;0;0.289;2.5
1;2015;0;0.233;2.5
1;2016;0;0.171;2.5
1;2017;0;0.145;2.5
1;2018;0;0.135;2.5
1;2019;0;0.144;2.5
1;2020;0;0.180;2.5
1;2021;0;0.275;2.5
1;2022;0.002;0.374;2.5
1;2023;0.031;0.442;2.5
1;2024;0.053;0.523;2.5
1;2025;0.100;0.601;2.5
1;2026;0.263;0.674;2.5
1;2027;0.449;0.710;2.5
1;2028;0.432;0.712;2.5
1;2029;0.362;0.697;2.5
1;2030;0.215;0.658;2.5
1;2031;0.133;0.590;2.5
1;2032;0.073;0.513;2.5
1;2033;0.022;0.441;2.5
1;2034;0;0.369;2.5
1;2035;0;0.307;2.5
1;2036;0;0.272;2.5
1;2037;0;0.249;2.5
1;2038;0;0.249;2.5
1;2039;0;0.259;2.5
1;2040;0;0.259;2.5
1;2041;0;0.220;2.5
1;2042;0;0.167;2.5
1;2043;0;0.140;2.5
1;2044;0;0.147;2.5
1;2045;0;0.161;2.5
1;2046;0.004;0.176;2.5
1;2047;0.034;0.155;2.5
1;2048;0.089;0.179;2.5
1;2049;0.132;0.192;2.5
1;2050;0.201;0.209;2.5
1;2051;0.373;0.254;2.5
1;2052;0.415;0.294;2.5
1;2053;0.220;0.334;2.5
1;2054;0.148;0.364;2.5
1;2055;0.088;0.357;2.5
1;2056;0.031;0.328;2.5
1;2057;0.004;0.351;2.5
1;2058;0;0.391;2.5
1;2059;0;0.407;2.5
1;2060;0;0.384;2.5
1;2061;0;0.364;2.5
1;2062;0;0.363;2.5
1;2063;0;0.355;2.5
1;2064;0;0.347;2.5
1;2065;0;0.312;2.5
1;2066;0;0.267;2.5
1;2067;0;0.241;2.5
1;2068;0;0.231;2.5
1;2069;0;0.231;2.5
1;2070;0.003;0.224;2.5
1;2071;0.031;0.192;2.5
1;2072;0.076;0.197;2.5
1;2073;0.123;0.215;2.5
1;2074;0.132;0.210;2.5
1;2075;0.151;0.171;2.5
1;2076;0.153;0.145;2.5
1;2077;0.152;0.136;2.5
1;2078;0.122;0.137;2.5
1;2079;0.092;0.136;2.5
1;2080;0.046;0.117;2.5
1;2081;0.015;0.094;2.5
1;2082;0;0.092;2.5
1;2083;0;0.089;2.5
1;2084;0;0.088;2.5
1;2085;0;0.085;2.5
1;2086;0;0.079;2.5
1;2087;0;0.074;2.5
1;2088;0;0.072;2.5
1;2089;0;0.073;2.5
1;2090;0;0.073;2.5
1;2091;0;0.070;2.5
1;2092;0;0.062;2.5
1;2093;0;0.055;2.5
1;2094;0.008;0.049;2.5
1;2095;0.047;0.036;2.5
1;2096;0.107;0.030;2.5
1;2097;0.173;0.042;2.5
1;2098;0.240;0.053;2.5
1;2099;0.295;0.065;2.5
1;2100;0.439;0.082;2.5
1;2101;0.576;0.095;2.5
1;2102;0.553;0.101;2.5
1;2103;0.418;0.101;2.5
1;2104;0.240;0.095;2.5
1;2105;0.073;0.094;2.5
1;2106;0;0.119;2.5
1;2107;0;0.153;2.5
1;2108;0;0.185;2.5
1;2109;0;0.210;2.5
1;2110;0;0.221;2.5
1;2111;0;0.224;2.5
1;2112;0;0.216;2.5
1;2113;0;0.191;2.5
1;2114;0;0.159;2.5
1;2115;0;0.133;2.5
1;2116;0;0.112;2.5
1;2117;0;0.103;2.5
1;2118;0.036;0.102;2.5
1;2119;0.192;0.065;2.5
1;2120;0.414;0.043;2.5
1;2121;0.571;0.093;2.5
1;2122;0.670;0.131;2.5
1;2123;0.709;0.168;2.5
1;2124;0.695;0.205;2.5
1;2125;0.647;0.235;2.5
1;2126;0.563;0.258;2.5
1;2127;0.422;0.266;2.5
1;2128;0.246;0.227;2.5
1;2129;0.081;0.211;2.5
1;2130;0;0.234;2.5
1;2131;0;0.252;2.5
1;2132;0;0.267;2.5
1;2133;0;0.271;2.5
1;2134;0;0.274;2.5
1;2135;0;0.287;2.5
1;2136;0;0.313;2.5
1;2137;0;0.347;2.5
1;2138;0;0.337;2.5
1;2139;0;0.278;2.5
1;2140;0;0.225;2.5
1;2141;0;0.175;2.5
1;2142;0.017;0.141;2.5
1;2143;0.102;0.170;2.5
1;2144;0.285;0.213;2.5
1;2145;0.483;0.233;2.5
1;2146;0.550;0.237;2.5
1;2147;0.686;0.234;2.5
1;2148;0.724;0.233;2.5
1;2149;0.698;0.231;2.5
1;2150;0.609;0.223;2.5
1;2151;0.470;0.213;2.5
1;2152;0.298;0.209;2.5
1;2153;0.103;0.217;2.5
1;2154;0.001;0.273;2.5
1;2155;0;0.305;2.5
1;2156;0;0.286;2.5
1;2157;0;0.248;2.5
1;2158;0;0.206;2.5
1;2159;0;0.169;2.5
1;2160;0;0.138;2.5
1;2161;0;0.117;2.5
1;2162;0;0.105;2.5
1;2163;0;0.101;2.5
1;2164;0;0.101;2.5
1;2165;0;0.103;2.5
1;2166;0.060;0.103;2.5
1;2167;0.264;0.063;2.5
1;2168;0.466;0.099;2.5
1;2169;0.623;0.112;2.5
1;2170;0.727;0.118;2.5
1;2171;0.778;0.133;2.5
1;2172;0.780;0.155;2.5
1;2173;0.735;0.180;2.5
1;2174;0.640;0.209;2.5
1;2175;0.497;0.245;2.5
1;2176;0.310;0.278;2.5
1;2177;0.108;0.293;2.5
1;2178;0.001;0.394;2.5
1;2179;0;0.496;2.5
1;2180;0;0.528;2.5
1;2181;0;0.516;2.5
1;2182;0;0.482;2.5
1;2183;0;0.484;2.5
1;2184;0;0.477;2.5
1;2185;0;0.470;2.5
1;2186;0;0.466;2.5
1;2187;0;0.459;2.5
1;2188;0;0.444;2.5
1;2189;0;0.421;2.5
1;2190;0.061;0.356;2.5
1;2191;0.259;0.289;2.5
1;2192;0.455;0.345;2.5
1;2193;0.605;0.287;2.5
1;2194;0.700;0.269;2.5
1;2195;0.731;0.281;2.5
1;2196;0.717;0.294;2.5
1;2197;0.655;0.309;2.5
1;2198;0.558;0.325;2.5
1;2199;0.362;0.332;2.5
1;2200;0.160;0.289;2.5
1;2201;0.044;0.305;2.5
1;2202;0;0.414;2.5
1;2203;0;0.479;2.5
1;2204;0;0.476;2.5
1;2205;0;0.460;2.5
1;2206;0;0.457;2.5
1;2207;0;0.422;2.5
1;2208;0;0.376;2.5
1;2209;0;0.337;2.5
1;2210;0;0.294;2.5
1;2211;0;0.237;2.5
1;2212;0;0.145;2.5
1;2213;0;0.052;2.5
1;2214;0.015;0.045;2.5
1;2215;0.058;0.085;2.5
1;2216;0.143;0.093;2.5
1;2217;0.302;0.099;2.5
1;2218;0.491;0.094;2.5
1;2219;0.563;0.100;2.5
1;2220;0.535;0.106;2.5
1;2221;0.475;0.092;2.5
1;2222;0.322;0.068;2.5
1;2223;0.149;0.040;2.5
1;2224;0.067;0.019;2.5
1;2225;0.021;0.009;2.5
1;2226;0;0.013;2.5
1;2227;0;0.036;2.5
1;2228;0;0.090;2.5
1;2229;0;0.207;2.5
1;2230;0;0.335;2.5
1;2231;0;0.395;2.5
1;2232;0;0.410;2.5
1;2233;0;0.394;2.5
1;2234;0;0.361;2.5
1;2235;0;0.328;2.5
1;2236;0;0.305;2.5
1;2237;0;0.278;2.5
1;2238;0.036;0.207;2.5
1;2239;0.184;0.152;2.5
1;2240;0.376;0.129;2.5
1;2241;0.548;0.145;2.5
1;2242;0.653;0.172;2.5
1;2243;0.702;0.184;2.5
1;2244;0.687;0.194;2.5
1;2245;0.625;0.194;2.5
1;2246;0.539;0.188;2.5
1;2247;0.414;0.192;2.5
1;2248;0.254;0.174;2.5
1;2249;0.088;0.177;2.5
1;2250;0.002;0.237;2.5
1;2251;0;0.316;2.5
1;2252;0;0.379;2.5
1;2253;0;0.407;2.5
1;2254;0;0.422;2.5
1;2255;0;0.389;2.5
1;2256;0;0.313;2.5
1;2257;0;0.231;2.5
1;2258;0;0.174;2.5
1;2259;0;0.140;2.5
1;2260;0;0.138;2.5
1;2261;0;0.139;2.5
1;2262;0.046;0.098;2.5
1;2263;0.167;0.056;2.5
1;2264;0.338;0.055;2.5
1;2265;0.487;0.078;2.5
1;2266;0.597;0.112;2.5
1;2267;0.665;0.130;2.5
1;2268;0.674;0.145;2.5
1;2269;0.623;0.151;2.5
1;2270;0.536;0.138;2.5
1;2271;0.396;0.108;2.5
1;2272;0.230;0.073;2.5
1;2273;0.078;0.028;2.5
1;2274;0.003;0.011;2.5
1;2275;0;0.019;2.5
1;2276;0;0.057;2.5
1;2277;0;0.103;2.5
1;2278;0;0.126;2.5
1;2279;0;0.126;2.5
1;2280;0;0.124;2.5
1;2281;0;0.134;2.5
1;2282;0;0.147;2.5
1;2283;0;0.164;2.5
1;2284;0;0.171;2.5
1;2285;0;0.173;2.5
1;2286;0.043;0.154;2.5
1;2287;0.147;0.103;2.5
1;2288;0.295;0.099;2.5
1;2289;0.475;0.113;2.5
1;2290;0.619;0.149;2.5
1;2291;0.684;0.202;2.5
1;2292;0.692;0.237;2.5
1;2293;0.649;0.248;2.5
1;2294;0.564;0.257;2.5
1;2295;0.436;0.266;2.5
1;2296;0.269;0.236;2.5
1;2297;0.099;0.254;2.5
1;2298;0.004;0.370;2.5
1;2299;0;0.466;2.5
1;2300;0;0.487;2.5
1;2301;0;0.462;2.5
1;2302;0;0.415;2.5
1;2303;0;0.357;2.5
1;2304;0;0.297;2.5
1;2305;0;0.245;2.5
1;2306;0;0.204;2.5
1;2307;0;0.180;2.5
1;2308;0;0.172;2.5
1;2309;0;0.177;2.5
1;2310;0.059;0.149;2.5
1;2311;0.213;0.080;2.5
1;2312;0.422;0.069;2.5
1;2313;0.567;0.199;2.5
1;2314;0.667;0.215;2.5
1;2315;0.716;0.184;2.5
1;2316;0.719;0.153;2.5
1;2317;0.676;0.130;2.5
1;2318;0.590;0.119;2.5
1;2319;0.461;0.120;2.5
1;2320;0.293;0.133;2.5
1;2321;0.112;0.170;2.5
1;2322;0.005;0.261;2.5
1;2323;0;0.344;2.5
1;2324;0;0.383;2.5
1;2325;0;0.383;2.5
1;2326;0;0.362;2.5
1;2327;0;0.323;2.5
1;2328;0;0.272;2.5
1;2329;0;0.218;2.5
1;2330;0;0.169;2.5
1;2331;0;0.132;2.5
1;2332;0;0.104;2.5
1;2333;0;0.093;2.5
1;2334;0.070;0.084;2.5
1;2335;0.247;0.045;2.5
1;2336;0.430;0.034;2.5
1;2337;0.570;0.065;2.5
1;2338;0.664;0.071;2.5
1;2339;0.713;0.074;2.5
1;2340;0.716;0.085;2.5
1;2341;0.671;0.111;2.5
1;2342;0.582;0.151;2.5
1;2343;0.448;0.208;2.5
1;2344;0.278;0.280;2.5
1;2345;0.104;0.353;2.5
1;2346;0.006;0.428;2.5
1;2347;0;0.432;2.5
1;2348;0;0.392;2.5
1;2349;0;0.364;2.5
1;2350;0;0.379;2.5
1;2351;0;0.392;2.5
1;2352;0;0.346;2.5
1;2353;0;0.323;2.5
1;2354;0;0.310;2.5
1;2355;0;0.266;2.5
1;2356;0;0.243;2.5
1;2357;0;0.233;2.5
1;2358;0.061;0.250;2.5
1;2359;0.256;0.250;2.5
1;2360;0.448;0.231;2.5
1;2361;0.612;0.219;2.5
1;2362;0.712;0.206;2.5
1;2363;0.766;0.187;2.5
1;2364;0.770;0.178;2.5
1;2365;0.726;0.184;2.5
1;2366;0.638;0.201;2.5
1;2367;0.499;0.223;2.5
1;2368;0.322;0.244;2.5
1;2369;0.128;0.261;2.5
1;2370;0.007;0.315;2.5
1;2371;0;0.383;2.5
1;2372;0;0.364;2.5
1;2373;0;0.325;2.5
1;2374;0;0.300;2.5
1;2375;0;0.280;2.5
1;2376;0;0.261;2.5
1;2377;0;0.238;2.5
1;2378;0;0.210;2.5
1;2379;0;0.180;2.5
1;2380;0;0.156;2.5
1;2381;0.001;0.134;2.5
1;2382;0.072;0.089;2.5
1;2383;0.281;0.080;2.5
1;2384;0.476;0.090;2.5
1;2385;0.604;0.086;2.5
1;2386;0.689;0.082;2.5
1;2387;0.754;0.079;2.5
1;2388;0.743;0.084;2.5
1;2389;0.734;0.094;2.5
1;2390;0.640;0.111;2.5
1;2391;0.472;0.132;2.5
1;2392;0.272;0.167;2.5
1;2393;0.095;0.217;2.5
1;2394;0.007;0.294;2.5
1;2395;0;0.379;2.5
1;2396;0;0.402;2.5
1;2397;0;0.395;2.5
1;2398;0;0.376;2.5
1;2399;0;0.354;2.5
1;2400;0;0.332;2.5
1;2401;0;0.302;2.5
1;2402;0;0.272;2.5
1;2403;0;0.243;2.5
1;2404;0;0.221;2.5
1;2405;0.002;0.201;2.5
1;2406;0.076;0.134;2.5
1;2407;0.248;0.123;2.5
1;2408;0.403;0.152;2.5
1;2409;0.513;0.170;2.5
1;2410;0.570;0.171;2.5
1;2411;0.580;0.170;2.5
1;2412;0.527;0.177;2.5
1;2413;0.448;0.184;2.5
1;2414;0.381;0.195;2.5
1;2415;0.350;0.209;2.5
1;2416;0.187;0.225;2.5
1;2417;0.078;0.236;2.5
1;2418;0.009;0.236;2.5
1;2419;0;0.276;2.5
1;2420;0;0.272;2.5
1;2421;0;0.258;2.5
1;2422;0;0.252;2.5
1;2423;0;0.261;2.5
1;2424;0;0.255;2.5
1;2425;0;0.249;2.5
1;2426;0;0.244;2.5
1;2427;0;0.243;2.5
1;2428;0;0.238;2.5
1;2429;0.001;0.233;2.5
1;2430;0.060;0.201;2.5
1;2431;0.184;0.238;2.5
1;2432;0.335;0.261;2.5
1;2433;0.394;0.246;2.5
1;2434;0.413;0.229;2.5
1;2435;0.464;0.218;2.5
1;2436;0.554;0.212;2.5
1;2437;0.434;0.205;2.5
1;2438;0.387;0.198;2.5
1;2439;0.277;0.190;2.5
1;2440;0.167;0.184;2.5
1;2441;0.071;0.175;2.5
1;2442;0.007;0.171;2.5
1;2443;0;0.212;2.5
1;2444;0;0.227;2.5
1;2445;0;0.217;2.5
1;2446;0;0.202;2.5
1;2447;0;0.201;2.5
1;2448;0;0.206;2.5
1;2449;0;0.209;2.5
1;2450;0;0.212;2.5
1;2451;0;0.211;2.5
1;2452;0;0.205;2.5
1;2453;0.002;0.193;2.5
1;2454;0.063;0.160;2.5
1;2455;0.195;0.156;2.5
1;2456;0.352;0.172;2.5
1;2457;0.507;0.176;2.5
1;2458;0.486;0.161;2.5
1;2459;0.428;0.148;2.5
1;2460;0.403;0.152;2.5
1;2461;0.370;0.156;2.5
1;2462;0.304;0.163;2.5
1;2463;0.212;0.176;2.5
1;2464;0.140;0.191;2.5
1;2465;0.069;0.200;2.5
1;2466;0.008;0.235;2.5
1;2467;0;0.305;2.5
1;2468;0;0.340;2.5
1;2469;0;0.334;2.5
1;2470;0;0.345;2.5
1;2471;0;0.317;2.5
1;2472;0;0.286;2.5
1;2473;0;0.272;2.5
1;2474;0;0.225;2.5
1;2475;0;0.220;2.5
1;2476;0;0.202;2.5
1;2477;0;0.187;2.5
1;2478;0.023;0.184;2.5
1;2479;0.061;0.209;2.5
1;2480;0.093;0.212;2.5
1;2481;0.137;0.234;2.5
1;2482;0.194;0.265;2.5
1;2483;0.266;0.304;2.5
1;2484;0.300;0.316;2.5
1;2485;0.303;0.308;2.5
1;2486;0.282;0.286;2.5
1;2487;0.226;0.270;2.5
1;2488;0.171;0.257;2.5
1;2489;0.096;0.261;2.5
1;2490;0.016;0.368;2.5
1;2491;0;0.468;2.5
1;2492;0;0.467;2.5
1;2493;0;0.438;2.5
1;2494;0;0.425;2.5
1;2495;0;0.406;2.5
1;2496;0;0.375;2.5
1;2497;0;0.338;2.5
1;2498;0;0.315;2.5
1;2499;0;0.301;2.5
1;2500;0;0.285;2.5
1;2501;0.004;0.257;2.5
1;2502;0.090;0.159;2.5
1;2503;0.290;0.123;2.5
1;2504;0.477;0.124;2.5
1;2505;0.621;0.149;2.5
1;2506;0.715;0.179;2.5
1;2507;0.764;0.165;2.5
1;2508;0.768;0.140;2.5
1;2509;0.725;0.119;2.5
1;2510;0.637;0.111;2.5
1;2511;0.504;0.121;2.5
1;2512;0.330;0.151;2.5
1;2513;0.140;0.184;2.5
1;2514;0.015;0.282;2.5
1;2515;0;0.415;2.5
1;2516;0;0.449;2.5
1;2517;0;0.432;2.5
1;2518;0;0.401;2.5
1;2519;0;0.367;2.5
1;2520;0;0.330;2.5
1;2521;0;0.296;2.5
1;2522;0;0.269;2.5
1;2523;0;0.234;2.5
1;2524;0;0.209;2.5
1;2525;0.005;0.196;2.5
1;2526;0.093;0.141;2.5
1;2527;0.296;0.108;2.5
1;2528;0.482;0.134;2.5
1;2529;0.622;0.223;2.5
1;2530;0.714;0.272;2.5
1;2531;0.761;0.278;2.5
1;2532;0.762;0.279;2.5
1;2533;0.719;0.283;2.5
1;2534;0.631;0.283;2.5
1;2535;0.498;0.279;2.5
1;2536;0.325;0.278;2.5
1;2537;0.139;0.264;2.5
1;2538;0.016;0.337;2.5
1;2539;0;0.437;2.5
1;2540;0;0.494;2.5
1;2541;0;0.510;2.5
1;2542;0;0.522;2.5
1;2543;0;0.492;2.5
1;2544;0;0.448;2.5
1;2545;0;0.388;2.5
1;2546;0;0.349;2.5
1;2547;0;0.334;2.5
1;2548;0;0.310;2.5
1;2549;0.006;0.277;2.5
1;2550;0.103;0.159;2.5
1;2551;0.299;0.086;2.5
1;2552;0.482;0.155;2.5
1;2553;0.620;0.223;2.5
1;2554;0.708;0.231;2.5
1;2555;0.748;0.238;2.5
1;2556;0.743;0.235;2.5
1;2557;0.698;0.214;2.5
1;2558;0.605;0.183;2.5
1;2559;0.467;0.157;2.5
1;2560;0.281;0.148;2.5
1;2561;0.131;0.140;2.5
1;2562;0.017;0.213;2.5
1;2563;0;0.335;2.5
1;2564;0;0.380;2.5
1;2565;0;0.362;2.5
1;2566;0;0.335;2.5
1;2567;0;0.313;2.5
1;2568;0;0.297;2.5
1;2569;0;0.287;2.5
1;2570;0;0.276;2.5
1;2571;0;0.263;2.5
1;2572;0;0.248;2.5
1;2573;0.007;0.231;2.5
1;2574;0.095;0.152;2.5
1;2575;0.283;0.079;2.5
1;2576;0.460;0.074;2.5
1;2577;0.595;0.133;2.5
1;2578;0.680;0.195;2.5
1;2579;0.726;0.220;2.5
1;2580;0.729;0.229;2.5
1;2581;0.691;0.231;2.5
1;2582;0.607;0.229;2.5
1;2583;0.480;0.231;2.5
1;2584;0.315;0.231;2.5
1;2585;0.138;0.227;2.5
1;2586;0.018;0.307;2.5
1;2587;0;0.392;2.5
1;2588;0;0.423;2.5
1;2589;0;0.422;2.5
1;2590;0;0.410;2.5
1;2591;0;0.393;2.5
1;2592;0;0.376;2.5
1;2593;0;0.366;2.5
1;2594;0;0.362;2.5
1;2595;0;0.352;2.5
1;2596;0;0.332;2.5
1;2597;0.007;0.294;2.5
1;2598;0.103;0.173;2.5
1;2599;0.290;0.095;2.5
1;2600;0.468;0.077;2.5
1;2601;0.603;0.101;2.5
1;2602;0.688;0.130;2.5
1;2603;0.734;0.121;2.5
1;2604;0.738;0.115;2.5
1;2605;0.698;0.120;2.5
1;2606;0.615;0.133;2.5
1;2607;0.489;0.154;2.5
1;2608;0.325;0.186;2.5
1;2609;0.144;0.248;2.5
1;2610;0.019;0.382;2.5
1;2611;0;0.481;2.5
1;2612;0;0.447;2.5
1;2613;0;0.391;2.5
1;2614;0;0.355;2.5
1;2615;0;0.316;2.5
1;2616;0;0.278;2.5
1;2617;0;0.243;2.5
1;2618;0;0.219;2.5
1;2619;0;0.200;2.5
1;2620;0;0.167;2.5
1;2621;0.008;0.124;2.5
1;2622;0.090;0.074;2.5
1;2623;0.297;0.049;2.5
1;2624;0.475;0.059;2.5
1;2625;0.611;0.063;2.5
1;2626;0.694;0.061;2.5
1;2627;0.721;0.040;2.5
1;2628;0.710;0.027;2.5
1;2629;0.659;0.027;2.5
1;2630;0.565;0.039;2.5
1;2631;0.444;0.060;2.5
1;2632;0.292;0.096;2.5
1;2633;0.134;0.171;2.5
1;2634;0.021;0.312;2.5
1;2635;0;0.431;2.5
1;2636;0;0.444;2.5
1;2637;0;0.413;2.5
1;2638;0;0.386;2.5
1;2639;0;0.352;2.5
1;2640;0;0.314;2.5
1;2641;0;0.272;2.5
1;2642;0;0.233;2.5
1;2643;0;0.202;2.5
1;2644;0;0.178;2.5
1;2645;0.009;0.159;2.5
1;2646;0.112;0.101;2.5
1;2647;0.302;0.046;2.5
1;2648;0.478;0.043;2.5
1;2649;0.610;0.054;2.5
1;2650;0.699;0.041;2.5
1;2651;0.744;0.030;2.5
1;2652;0.745;0.021;2.5
1;2653;0.706;0.017;2.5
1;2654;0.623;0.017;2.5
1;2655;0.497;0.021;2.5
1;2656;0.331;0.030;2.5
1;2657;0.148;0.051;2.5
1;2658;0.020;0.113;2.5
1;2659;0;0.230;2.5
1;2660;0;0.356;2.5
1;2661;0;0.421;2.5
1;2662;0;0.415;2.5
1;2663;0;0.386;2.5
1;2664;0;0.362;2.5
1;2665;0;0.341;2.5
1;2666;0;0.320;2.5
1;2667;0;0.301;2.5
1;2668;0;0.291;2.5
1;2669;0.010;0.282;2.5
1;2670;0.114;0.178;2.5
1;2671;0.306;0.176;2.5
1;2672;0.484;0.372;2.5
1;2673;0.623;0.434;2.5
1;2674;0.717;0.468;2.5
1;2675;0.762;0.493;2.5
1;2676;0.761;0.517;2.5
1;2677;0.717;0.542;2.5
1;2678;0.632;0.574;2.5
1;2679;0.506;0.613;2.5
1;2680;0.341;0.660;2.5
1;2681;0.154;0.668;2.5
1;2682;0.021;0.630;2.5
1;2683;0;0.650;2.5
1;2684;0;0.633;2.5
1;2685;0;0.545;2.5
1;2686;0;0.522;2.5
1;2687;0;0.621;2.5
1;2688;0;0.664;2.5
1;2689;0;0.687;2.5
1;2690;0;0.700;2.5
1;2691;0;0.663;2.5
1;2692;0;0.634;2.5
1;2693;0.014;0.619;2.5
1;2694;0.116;0.604;2.5
1;2695;0.298;0.710;2.5
1;2696;0.470;0.748;2.5
1;2697;0.603;0.780;2.5
1;2698;0.693;0.811;2.5
1;2699;0.732;0.830;2.5
1;2700;0.723;0.838;2.5
1;2701;0.645;0.844;2.5
1;2702;0.436;0.846;2.5
1;2703;0.266;0.828;2.5
1;2704;0.188;0.798;2.5
1;2705;0.068;0.779;2.5
1;2706;0.010;0.772;2.5
1;2707;0;0.762;2.5
1;2708;0;0.757;2.5
1;2709;0;0.740;2.5
1;2710;0;0.674;2.5
1;2711;0;0.690;2.5
1;2712;0;0.654;2.5
1;2713;0;0.606;2.5
1;2714;0;0.523;2.5
1;2715;0;0.476;2.5
1;2716;0;0.455;2.5
1;2717;0.013;0.430;2.5
1;2718;0.095;0.355;2.5
1;2719;0.219;0.469;2.5
1;2720;0.329;0.416;2.5
1;2721;0.449;0.355;2.5
1;2722;0.598;0.328;2.5
1;2723;0.672;0.329;2.5
1;2724;0.685;0.334;2.5
1;2725;0.647;0.333;2.5
1;2726;0.569;0.328;2.5
1;2727;0.450;0.324;2.5
1;2728;0.299;0.330;2.5
1;2729;0.139;0.321;2.5
1;2730;0.027;0.362;2.5
1;2731;0;0.466;2.5
1;2732;0;0.488;2.5
1;2733;0;0.464;2.5
1;2734;0;0.437;2.5
1;2735;0;0.375;2.5
1;2736;0;0.280;2.5
1;2737;0;0.219;2.5
1;2738;0;0.259;2.5
1;2739;0;0.319;2.5
1;2740;0;0.259;2.5
1;2741;0.011;0.193;2.5
1;2742;0.107;0.127;2.5
1;2743;0.302;0.101;2.5
1;2744;0.479;0.072;2.5
1;2745;0.608;0.062;2.5
1;2746;0.677;0.068;2.5
1;2747;0.659;0.073;2.5
1;2748;0.636;0.070;2.5
1;2749;0.668;0.061;2.5
1;2750;0.613;0.050;2.5
1;2751;0.491;0.057;2.5
1;2752;0.332;0.081;2.5
1;2753;0.154;0.103;2.5
1;2754;0.027;0.164;2.5
1;2755;0;0.308;2.5
1;2756;0;0.461;2.5
1;2757;0;0.538;2.5
1;2758;0;0.556;2.5
1;2759;0;0.540;2.5
1;2760;0;0.518;2.5
1;2761;0;0.485;2.5
1;2762;0;0.457;2.5
1;2763;0;0.429;2.5
1;2764;0;0.393;2.5
1;2765;0.017;0.320;2.5
1;2766;0.110;0.190;2.5
1;2767;0.227;0.111;2.5
1;2768;0.341;0.084;2.5
1;2769;0.454;0.088;2.5
1;2770;0.562;0.105;2.5
1;2771;0.613;0.124;2.5
1;2772;0.556;0.148;2.5
1;2773;0.442;0.198;2.5
1;2774;0.352;0.289;2.5
1;2775;0.257;0.403;2.5
1;2776;0.169;0.502;2.5
1;2777;0.088;0.541;2.5
1;2778;0.022;0.535;2.5
1;2779;0;0.538;2.5
1;2780;0;0.532;2.5
1;2781;0;0.516;2.5
1;2782;0;0.506;2.5
1;2783;0;0.481;2.5
1;2784;0;0.436;2.5
1;2785;0;0.377;2.5
1;2786;0;0.320;2.5
1;2787;0;0.219;2.5
1;2788;0;0.160;2.5
1;2789;0.003;0.142;2.5
1;2790;0.030;0.135;2.5
1;2791;0.090;0.136;2.5
1;2792;0.242;0.154;2.5
1;2793;0.452;0.159;2.5
1;2794;0.586;0.146;2.5
1;2795;0.591;0.128;2.5
1;2796;0.564;0.118;2.5
1;2797;0.460;0.114;2.5
1;2798;0.361;0.121;2.5
1;2799;0.248;0.124;2.5
1;2800;0.161;0.118;2.5
1;2801;0.084;0.106;2.5
1;2802;0.024;0.111;2.5
1;2803;0;0.144;2.5
1;2804;0;0.172;2.5
1;2805;0;0.206;2.5
1;2806;0;0.241;2.5
1;2807;0;0.240;2.5
1;2808;0;0.214;2.5
1;2809;0;0.199;2.5
1;2810;0;0.183;2.5
1;2811;0;0.179;2.5
1;2812;0;0.171;2.5
1;2813;0.005;0.159;2.5
1;2814;0.037;0.155;2.5
1;2815;0.091;0.153;2.5
1;2816;0.149;0.153;2.5
1;2817;0.280;0.147;2.5
1;2818;0.349;0.141;2.5
1;2819;0.366;0.139;2.5
1;2820;0.342;0.147;2.5
1;2821;0.331;0.155;2.5
1;2822;0.287;0.154;2.5
1;2823;0.209;0.146;2.5
1;2824;0.098;0.135;2.5
1;2825;0.043;0.119;2.5
1;2826;0.011;0.113;2.5
1;2827;0;0.155;2.5
1;2828;0;0.193;2.5
1;2829;0;0.203;2.5
1;2830;0;0.199;2.5
1;2831;0;0.201;2.5
1;2832;0;0.209;2.5
1;2833;0;0.228;2.5
1;2834;0;0.251;2.5
1;2835;0;0.280;2.5
1;2836;0;0.310;2.5
1;2837;0.003;0.305;2.5
1;2838;0.025;0.305;2.5
1;2839;0.069;0.345;2.5
1;2840;0.123;0.391;2.5
1;2841;0.152;0.364;2.5
1;2842;0.224;0.325;2.5
1;2843;0.339;0.320;2.5
1;2844;0.419;0.358;2.5
1;2845;0.460;0.407;2.5
1;2846;0.486;0.457;2.5
1;2847;0.456;0.508;2.5
1;2848;0.331;0.548;2.5
1;2849;0.169;0.563;2.5
1;2850;0.036;0.510;2.5
1;2851;0;0.457;2.5
1;2852;0;0.436;2.5
1;2853;0;0.410;2.5
1;2854;0;0.379;2.5
1;2855;0;0.348;2.5
1;2856;0;0.331;2.5
1;2857;0;0.323;2.5
1;2858;0;0.318;2.5
1;2859;0;0.311;2.5
1;2860;0;0.298;2.5
1;2861;0.021;0.265;2.5
1;2862;0.135;0.203;2.5
1;2863;0.327;0.266;2.5
1;2864;0.502;0.279;2.5
1;2865;0.637;0.257;2.5
1;2866;0.726;0.225;2.5
1;2867;0.769;0.197;2.5
1;2868;0.768;0.177;2.5
1;2869;0.728;0.170;2.5
1;2870;0.646;0.176;2.5
1;2871;0.516;0.191;2.5
1;2872;0.342;0.208;2.5
1;2873;0.156;0.200;2.5
1;2874;0.034;0.192;2.5
1;2875;0;0.213;2.5
1;2876;0;0.165;2.5
1;2877;0;0.102;2.5
1;2878;0;0.105;2.5
1;2879;0;0.162;2.5
1;2880;0;0.241;2.5
1;2881;0;0.287;2.5
1;2882;0;0.304;2.5
1;2883;0;0.328;2.5
1;2884;0;0.309;2.5
1;2885;0.011;0.275;2.5
1;2886;0.055;0.280;2.5
1;2887;0.154;0.294;2.5
1;2888;0.300;0.302;2.5
1;2889;0.477;0.315;2.5
1;2890;0.613;0.328;2.5
1;2891;0.704;0.352;2.5
1;2892;0.726;0.387;2.5
1;2893;0.689;0.434;2.5
1;2894;0.616;0.482;2.5
1;2895;0.493;0.519;2.5
1;2896;0.334;0.544;2.5
1;2897;0.159;0.542;2.5
1;2898;0.038;0.466;2.5
1;2899;0;0.405;2.5
1;2900;0;0.367;2.5
1;2901;0;0.313;2.5
1;2902;0;0.300;2.5
1;2903;0;0.319;2.5
1;2904;0;0.325;2.5
1;2905;0;0.366;2.5
1;2906;0;0.376;2.5
1;2907;0;0.410;2.5
1;2908;0;0.443;2.5
1;2909;0.008;0.459;2.5
1;2910;0.039;0.494;2.5
1;2911;0.081;0.543;2.5
1;2912;0.124;0.574;2.5
1;2913;0.204;0.594;2.5
1;2914;0.228;0.601;2.5
1;2915;0.212;0.592;2.5
1;2916;0.251;0.601;2.5
1;2917;0.279;0.613;2.5
1;2918;0.329;0.617;2.5
1;2919;0.314;0.629;2.5
1;2920;0.205;0.613;2.5
1;2921;0.089;0.540;2.5
1;2922;0.029;0.469;2.5
1;2923;0;0.484;2.5
1;2924;0;0.464;2.5
1;2925;0;0.410;2.5
1;2926;0;0.388;2.5
1;2927;0;0.368;2.5
1;2928;0;0.337;2.5
1;2929;0;0.337;2.5
1;2930;0;0.312;2.5
1;2931;0;0.279;2.5
1;2932;0;0.270;2.5
1;2933;0.026;0.240;2.5
1;2934;0.131;0.270;2.5
1;2935;0.328;0.379;2.5
1;2936;0.462;0.369;2.5
1;2937;0.547;0.380;2.5
1;2938;0.581;0.402;2.5
1;2939;0.556;0.425;2.5
1;2940;0.506;0.433;2.5
1;2941;0.471;0.435;2.5
1;2942;0.389;0.436;2.5
1;2943;0.285;0.435;2.5
1;2944;0.164;0.417;2.5
1;2945;0.074;0.375;2.5
1;2946;0.022;0.300;2.5
1;2947;0;0.261;2.5
1;2948;0;0.255;2.5
1;2949;0;0.264;2.5
1;2950;0;0.251;2.5
1;2951;0;0.226;2.5
1;2952;0;0.209;2.5
1;2953;0;0.180;2.5
1;2954;0;0.170;2.5
1;2955;0;0.171;2.5
1;2956;0;0.174;2.5
1;2957;0.015;0.171;2.5
1;2958;0.071;0.182;2.5
1;2959;0.153;0.211;2.5
1;2960;0.224;0.205;2.5
1;2961;0.277;0.179;2.5
1;2962;0.355;0.158;2.5
1;2963;0.362;0.145;2.5
1;2964;0.339;0.134;2.5
1;2965;0.335;0.124;2.5
1;2966;0.339;0.123;2.5
1;2967;0.267;0.123;2.5
1;2968;0.198;0.131;2.5
1;2969;0.095;0.144;2.5
1;2970;0.036;0.151;2.5
1;2971;0.001;0.190;2.5
1;2972;0;0.237;2.5
1;2973;0;0.250;2.5
1;2974;0;0.245;2.5
1;2975;0;0.231;2.5
1;2976;0;0.218;2.5
1;2977;0;0.201;2.5
1;2978;0;0.188;2.5
1;2979;0;0.175;2.5
1;2980;0;0.147;2.5
1;2981;0.028;0.104;2.5
1;2982;0.145;0.051;2.5
1;2983;0.335;0.057;2.5
1;2984;0.435;0.068;2.5
1;2985;0.532;0.083;2.5
1;2986;0.619;0.089;2.5
1;2987;0.650;0.086;2.5
1;2988;0.673;0.077;2.5
1;2989;0.674;0.068;2.5
1;2990;0.626;0.063;2.5
1;2991;0.514;0.063;2.5
1;2992;0.353;0.062;2.5
1;2993;0.170;0.064;2.5
1;2994;0.040;0.068;2.5
1;2995;0.002;0.084;2.5
1;2996;0;0.118;2.5
1;2997;0;0.171;2.5
1;2998;0;0.231;2.5
1;2999;0;0.269;2.5
1;3000;0;0.275;2.5
1;3001;0;0.259;2.5
1;3002;0;0.236;2.5
1;3003;0;0.222;2.5
1;3004;0;0.208;2.5
1;3005;0.032;0.161;2.5
1;3006;0.145;0.131;2.5
1;3007;0.318;0.231;2.5
1;3008;0.426;0.266;2.5
1;3009;0.508;0.283;2.5
1;3010;0.575;0.294;2.5
1;3011;0.591;0.303;2.5
1;3012;0.575;0.315;2.5
1;3013;0.506;0.345;2.5
1;3014;0.382;0.385;2.5
1;3015;0.268;0.400;2.5
1;3016;0.165;0.383;2.5
1;3017;0.091;0.339;2.5
1;3018;0.030;0.261;2.5
1;3019;0;0.220;2.5
1;3020;0;0.205;2.5
1;3021;0;0.209;2.5
1;3022;0;0.213;2.5
1;3023;0;0.198;2.5
1;3024;0;0.188;2.5
1;3025;0;0.168;2.5
1;3026;0;0.153;2.5
1;3027;0;0.146;2.5
1;3028;0;0.141;2.5
1;3029;0.027;0.126;2.5
1;3030;0.138;0.125;2.5
1;3031;0.323;0.146;2.5
1;3032;0.483;0.146;2.5
1;3033;0.589;0.136;2.5
1;3034;0.665;0.129;2.5
1;3035;0.695;0.127;2.5
1;3036;0.678;0.129;2.5
1;3037;0.626;0.130;2.5
1;3038;0.548;0.129;2.5
1;3039;0.445;0.122;2.5
1;3040;0.310;0.111;2.5
1;3041;0.161;0.095;2.5
1;3042;0.044;0.072;2.5
1;3043;0.003;0.053;2.5
1;3044;0;0.041;2.5
1;3045;0;0.043;2.5
1;3046;0;0.061;2.5
1;3047;0;0.089;2.5
1;3048;0;0.128;2.5
1;3049;0;0.176;2.5
1;3050;0;0.212;2.5
1;3051;0;0.236;2.5
1;3052;0;0.260;2.5
1;3053;0.036;0.234;2.5
1;3054;0.144;0.132;2.5
1;3055;0.310;0.193;2.5
1;3056;0.472;0.320;2.5
1;3057;0.576;0.373;2.5
1;3058;0.502;0.393;2.5
1;3059;0.390;0.394;2.5
1;3060;0.229;0.396;2.5
1;3061;0.209;0.420;2.5
1;3062;0.283;0.466;2.5
1;3063;0.274;0.505;2.5
1;3064;0.149;0.494;2.5
1;3065;0.054;0.435;2.5
1;3066;0.015;0.414;2.5
1;3067;0;0.395;2.5
1;3068;0;0.366;2.5
1;3069;0;0.340;2.5
1;3070;0;0.367;2.5
1;3071;0;0.404;2.5
1;3072;0;0.375;2.5
1;3073;0;0.328;2.5
1;3074;0;0.289;2.5
1;3075;0;0.231;2.5
1;3076;0;0.218;2.5
1;3077;0.005;0.200;2.5
1;3078;0.035;0.148;2.5
1;3079;0.117;0.129;2.5
1;3080;0.201;0.123;2.5
1;3081;0.271;0.101;2.5
1;3082;0.342;0.085;2.5
1;3083;0.405;0.065;2.5
1;3084;0.487;0.045;2.5
1;3085;0.525;0.034;2.5
1;3086;0.466;0.029;2.5
1;3087;0.345;0.027;2.5
1;3088;0.217;0.027;2.5
1;3089;0.118;0.022;2.5
1;3090;0.044;0.018;2.5
1;3091;0.003;0.028;2.5
1;3092;0;0.052;2.5
1;3093;0;0.072;2.5
1;3094;0;0.086;2.5
1;3095;0;0.091;2.5
1;3096;0;0.089;2.5
1;3097;0;0.084;2.5
1;3098;0;0.080;2.5
1;3099;0;0.089;2.5
1;3100;0;0.112;2.5
1;3101;0.038;0.131;2.5
1;3102;0.132;0.104;2.5
1;3103;0.249;0.145;2.5
1;3104;0.368;0.190;2.5
1;3105;0.459;0.211;2.5
1;3106;0.384;0.232;2.5
1;3107;0.325;0.257;2.5
1;3108;0.334;0.270;2.5
1;3109;0.405;0.270;2.5
1;3110;0.366;0.279;2.5
1;3111;0.276;0.291;2.5
1;3112;0.161;0.305;2.5
1;3113;0.095;0.298;2.5
1;3114;0.036;0.235;2.5
1;3115;0.003;0.202;2.5
1;3116;0;0.190;2.5
1;3117;0;0.155;2.5
1;3118;0;0.120;2.5
1;3119;0;0.090;2.5
1;3120;0;0.064;2.5
1;3121;0;0.055;2.5
1;3122;0;0.049;2.5
1;3123;0;0.040;2.5
1;3124;0;0.055;2.5
1;3125;0.028;0.061;2.5
1;3126;0.071;0.045;2.5
1;3127;0.138;0.046;2.5
1;3128;0.290;0.052;2.5
1;3129;0.406;0.036;2.5
1;3130;0.239;0.035;2.5
1;3131;0.214;0.055;2.5
1;3132;0.227;0.075;2.5
1;3133;0.206;0.098;2.5
1;3134;0.162;0.115;2.5
1;3135;0.124;0.145;2.5
1;3136;0.105;0.186;2.5
1;3137;0.092;0.220;2.5
1;3138;0.034;0.275;2.5
1;3139;0.001;0.339;2.5
1;3140;0;0.311;2.5
1;3141;0;0.233;2.5
1;3142;0;0.167;2.5
1;3143;0;0.151;2.5
1;3144;0;0.182;2.5
1;3145;0;0.249;2.5
1;3146;0;0.294;2.5
1;3147;0;0.312;2.5
1;3148;0;0.292;2.5
1;3149;0.031;0.267;2.5
1;3150;0.134;0.280;2.5
1;3151;0.288;0.297;2.5
1;3152;0.461;0.300;2.5
1;3153;0.619;0.320;2.5
1;3154;0.708;0.337;2.5
1;3155;0.750;0.350;2.5
1;3156;0.769;0.371;2.5
1;3157;0.725;0.391;2.5
1;3158;0.643;0.386;2.5
1;3159;0.508;0.364;2.5
1;3160;0.349;0.377;2.5
1;3161;0.189;0.400;2.5
1;3162;0.035;0.369;2.5
1;3163;0.006;0.328;2.5
1;3164;0;0.321;2.5
1;3165;0;0.274;2.5
1;3166;0;0.248;2.5
1;3167;0;0.270;2.5
1;3168;0;0.305;2.5
1;3169;0;0.317;2.5
1;3170;0;0.295;2.5
1;3171;0;0.266;2.5
1;3172;0.001;0.213;2.5
1;3173;0.034;0.149;2.5
1;3174;0.156;0.120;2.5
1;3175;0.344;0.116;2.5
1;3176;0.496;0.131;2.5
1;3177;0.605;0.150;2.5
1;3178;0.681;0.171;2.5
1;3179;0.715;0.201;2.5
1;3180;0.720;0.235;2.5
1;3181;0.683;0.269;2.5
1;3182;0.597;0.292;2.5
1;3183;0.481;0.303;2.5
1;3184;0.333;0.301;2.5
1;3185;0.171;0.284;2.5
1;3186;0.046;0.241;2.5
1;3187;0.007;0.237;2.5
1;3188;0;0.268;2.5
1;3189;0;0.284;2.5
1;3190;0;0.286;2.5
1;3191;0;0.280;2.5
1;3192;0;0.272;2.5
1;3193;0;0.267;2.5
1;3194;0;0.263;2.5
1;3195;0;0.255;2.5
1;3196;0.001;0.236;2.5
1;3197;0.034;0.178;2.5
1;3198;0.159;0.237;2.5
1;3199;0.340;0.358;2.5
1;3200;0.489;0.396;2.5
1;3201;0.533;0.417;2.5
1;3202;0.555;0.426;2.5
1;3203;0.605;0.429;2.5
1;3204;0.642;0.435;2.5
1;3205;0.653;0.450;2.5
1;3206;0.626;0.472;2.5
1;3207;0.533;0.498;2.5
1;3208;0.375;0.507;2.5
1;3209;0.193;0.493;2.5
1;3210;0.035;0.438;2.5
1;3211;0.007;0.356;2.5
1;3212;0;0.337;2.5
1;3213;0;0.335;2.5
1;3214;0;0.325;2.5
1;3215;0;0.314;2.5
1;3216;0;0.305;2.5
1;3217;0;0.298;2.5
1;3218;0;0.300;2.5
1;3219;0;0.311;2.5
1;3220;0.002;0.325;2.5
1;3221;0.034;0.242;2.5
1;3222;0.164;0.203;2.5
1;3223;0.335;0.366;2.5
1;3224;0.426;0.400;2.5
1;3225;0.457;0.422;2.5
1;3226;0.456;0.418;2.5
1;3227;0.482;0.413;2.5
1;3228;0.483;0.410;2.5
1;3229;0.462;0.404;2.5
1;3230;0.430;0.395;2.5
1;3231;0.366;0.388;2.5
1;3232;0.269;0.391;2.5
1;3233;0.146;0.401;2.5
1;3234;0.054;0.394;2.5
1;3235;0.007;0.368;2.5
1;3236;0;0.355;2.5
1;3237;0;0.351;2.5
1;3238;0;0.340;2.5
1;3239;0;0.294;2.5
1;3240;0;0.279;2.5
1;3241;0;0.327;2.5
1;3242;0;0.354;2.5
1;3243;0;0.352;2.5
1;3244;0;0.342;2.5
1;3245;0.010;0.331;2.5
1;3246;0.029;0.313;2.5
1;3247;0.048;0.334;2.5
1;3248;0.078;0.346;2.5
1;3249;0.102;0.337;2.5
1;3250;0.080;0.302;2.5
1;3251;0.090;0.252;2.5
1;3252;0.112;0.206;2.5
1;3253;0.119;0.167;2.5
1;3254;0.111;0.121;2.5
1;3255;0.105;0.078;2.5
1;3256;0.092;0.059;2.5
1;3257;0.068;0.055;2.5
1;3258;0.030;0.068;2.5
1;3259;0.003;0.084;2.5
1;3260;0;0.095;2.5
1;3261;0;0.098;2.5
1;3262;0;0.099;2.5
1;3263;0;0.096;2.5
1;3264;0;0.078;2.5
1;3265;0;0.051;2.5
1;3266;0;0.026;2.5
1;3267;0;0.016;2.5
1;3268;0.002;0.017;2.5
1;3269;0.043;0.019;2.5
1;3270;0.136;0.018;2.5
1;3271;0.286;0.024;2.5
1;3272;0.446;0.032;2.5
1;3273;0.575;0.044;2.5
1;3274;0.659;0.053;2.5
1;3275;0.655;0.059;2.5
1;3276;0.587;0.068;2.5
1;3277;0.512;0.084;2.5
1;3278;0.388;0.098;2.5
1;3279;0.298;0.110;2.5
1;3280;0.220;0.114;2.5
1;3281;0.129;0.115;2.5
1;3282;0.050;0.105;2.5
1;3283;0.007;0.125;2.5
1;3284;0;0.161;2.5
1;3285;0;0.204;2.5
1;3286;0;0.254;2.5
1;3287;0;0.286;2.5
1;3288;0;0.299;2.5
1;3289;0;0.293;2.5
1;3290;0;0.278;2.5
1;3291;0;0.264;2.5
1;3292;0.003;0.248;2.5
1;3293;0.037;0.161;2.5
1;3294;0.155;0.085;2.5
1;3295;0.325;0.135;2.5
1;3296;0.481;0.205;2.5
1;3297;0.604;0.248;2.5
1;3298;0.687;0.284;2.5
1;3299;0.727;0.311;2.5
1;3300;0.726;0.302;2.5
1;3301;0.688;0.259;2.5
1;3302;0.612;0.208;2.5
1;3303;0.499;0.169;2.5
1;3304;0.350;0.140;2.5
1;3305;0.165;0.117;2.5
1;3306;0.050;0.107;2.5
1;3307;0.011;0.123;2.5
1;3308;0;0.145;2.5
1;3309;0;0.153;2.5
1;3310;0;0.156;2.5
1;3311;0;0.144;2.5
1;3312;0;0.107;2.5
1;3313;0;0.068;2.5
1;3314;0;0.058;2.5
1;3315;0;0.092;2.5
1;3316;0.003;0.147;2.5
1;3317;0.042;0.145;2.5
1;3318;0.145;0.069;2.5
1;3319;0.285;0.064;2.5
1;3320;0.437;0.164;2.5
1;3321;0.564;0.207;2.5
1;3322;0.641;0.219;2.5
1;3323;0.641;0.220;2.5
1;3324;0.559;0.216;2.5
1;3325;0.497;0.204;2.5
1;3326;0.429;0.193;2.5
1;3327;0.354;0.182;2.5
1;3328;0.259;0.174;2.5
1;3329;0.147;0.171;2.5
1;3330;0.056;0.199;2.5
1;3331;0.010;0.284;2.5
1;3332;0;0.343;2.5
1;3333;0;0.334;2.5
1;3334;0;0.308;2.5
1;3335;0;0.275;2.5
1;3336;0;0.244;2.5
1;3337;0;0.217;2.5
1;3338;0;0.203;2.5
1;3339;0;0.200;2.5
1;3340;0.002;0.181;2.5
1;3341;0.046;0.130;2.5
1;3342;0.141;0.081;2.5
1;3343;0.252;0.105;2.5
1;3344;0.331;0.187;2.5
1;3345;0.368;0.239;2.5
1;3346;0.491;0.254;2.5
1;3347;0.555;0.266;2.5
1;3348;0.516;0.293;2.5
1;3349;0.321;0.311;2.5
1;3350;0.143;0.283;2.5
1;3351;0.090;0.251;2.5
1;3352;0.084;0.288;2.5
1;3353;0.070;0.337;2.5
1;3354;0.023;0.328;2.5
1;3355;0;0.289;2.5
1;3356;0;0.241;2.5
1;3357;0;0.233;2.5
1;3358;0;0.220;2.5
1;3359;0;0.220;2.5
1;3360;0;0.218;2.5
1;3361;0;0.203;2.5
1;3362;0;0.188;2.5
1;3363;0;0.169;2.5
1;3364;0.004;0.140;2.5
1;3365;0.048;0.079;2.5
1;3366;0.139;0.026;2.5
1;3367;0.188;0.023;2.5
1;3368;0.224;0.029;2.5
1;3369;0.274;0.031;2.5
1;3370;0.360;0.025;2.5
1;3371;0.455;0.013;2.5
1;3372;0.530;0.006;2.5
1;3373;0.574;0.003;2.5
1;3374;0.556;0.006;2.5
1;3375;0.450;0.019;2.5
1;3376;0.320;0.039;2.5
1;3377;0.156;0.070;2.5
1;3378;0.054;0.119;2.5
1;3379;0.008;0.185;2.5
1;3380;0;0.224;2.5
1;3381;0;0.220;2.5
1;3382;0;0.225;2.5
1;3383;0;0.250;2.5
1;3384;0;0.264;2.5
1;3385;0;0.269;2.5
1;3386;0;0.277;2.5
1;3387;0;0.283;2.5
1;3388;0.001;0.305;2.5
1;3389;0.026;0.341;2.5
1;3390;0.079;0.415;2.5
1;3391;0.137;0.466;2.5
1;3392;0.170;0.501;2.5
1;3393;0.180;0.529;2.5
1;3394;0.179;0.552;2.5
1;3395;0.177;0.568;2.5
1;3396;0.169;0.583;2.5
1;3397;0.153;0.590;2.5
1;3398;0.149;0.590;2.5
1;3399;0.146;0.580;2.5
1;3400;0.143;0.559;2.5
1;3401;0.109;0.526;2.5
1;3402;0.060;0.460;2.5
1;3403;0.012;0.409;2.5
1;3404;0;0.373;2.5
1;3405;0;0.337;2.5
1;3406;0;0.325;2.5
1;3407;0;0.325;2.5
1;3408;0;0.300;2.5
1;3409;0;0.261;2.5
1;3410;0;0.231;2.5
1;3411;0;0.192;2.5
1;3412;0.004;0.134;2.5
1;3413;0.040;0.106;2.5
1;3414;0.152;0.126;2.5
1;3415;0.335;0.140;2.5
1;3416;0.491;0.136;2.5
1;3417;0.593;0.131;2.5
1;3418;0.642;0.127;2.5
1;3419;0.602;0.125;2.5
1;3420;0.538;0.118;2.5
1;3421;0.445;0.104;2.5
1;3422;0.405;0.086;2.5
1;3423;0.352;0.064;2.5
1;3424;0.272;0.045;2.5
1;3425;0.175;0.032;2.5
1;3426;0.062;0.021;2.5
1;3427;0.014;0.026;2.5
1;3428;0;0.061;2.5
1;3429;0;0.110;2.5
1;3430;0;0.149;2.5
1;3431;0;0.179;2.5
1;3432;0;0.201;2.5
1;3433;0;0.225;2.5
1;3434;0;0.249;2.5
1;3435;0;0.267;2.5
1;3436;0.006;0.261;2.5
1;3437;0.050;0.185;2.5
1;3438;0.129;0.086;2.5
1;3439;0.219;0.071;2.5
1;3440;0.293;0.112;2.5
1;3441;0.346;0.107;2.5
1;3442;0.438;0.106;2.5
1;3443;0.581;0.113;2.5
1;3444;0.665;0.123;2.5
1;3445;0.642;0.139;2.5
1;3446;0.573;0.163;2.5
1;3447;0.466;0.197;2.5
1;3448;0.315;0.233;2.5
1;3449;0.163;0.239;2.5
1;3450;0.048;0.201;2.5
1;3451;0.007;0.199;2.5
1;3452;0;0.217;2.5
1;3453;0;0.241;2.5
1;3454;0;0.272;2.5
1;3455;0;0.253;2.5
1;3456;0;0.220;2.5
1;3457;0;0.203;2.5
1;3458;0;0.200;2.5
1;3459;0;0.195;2.5
1;3460;0.006;0.168;2.5
1;3461;0.048;0.147;2.5
1;3462;0.136;0.165;2.5
1;3463;0.255;0.168;2.5
1;3464;0.332;0.178;2.5
1;3465;0.432;0.195;2.5
1;3466;0.477;0.210;2.5
1;3467;0.510;0.218;2.5
1;3468;0.536;0.220;2.5
1;3469;0.515;0.219;2.5
1;3470;0.491;0.212;2.5
1;3471;0.442;0.205;2.5
1;3472;0.321;0.202;2.5
1;3473;0.170;0.202;2.5
1;3474;0.061;0.197;2.5
1;3475;0.014;0.175;2.5
1;3476;0;0.169;2.5
1;3477;0;0.158;2.5
1;3478;0;0.152;2.5
1;3479;0;0.150;2.5
1;3480;0;0.146;2.5
1;3481;0;0.141;2.5
1;3482;0;0.135;2.5
1;3483;0;0.127;2.5
1;3484;0.006;0.139;2.5
1;3485;0.048;0.113;2.5
1;3486;0.112;0.135;2.5
1;3487;0.168;0.243;2.5
1;3488;0.220;0.341;2.5
1;3489;0.319;0.430;2.5
1;3490;0.475;0.513;2.5
1;3491;0.579;0.578;2.5
1;3492;0.596;0.615;2.5
1;3493;0.543;0.618;2.5
1;3494;0.463;0.600;2.5
1;3495;0.405;0.578;2.5
1;3496;0.292;0.556;2.5
1;3497;0.150;0.521;2.5
1;3498;0.062;0.437;2.5
1;3499;0.014;0.380;2.5
1;3500;0;0.381;2.5
1;3501;0;0.356;2.5
1;3502;0;0.340;2.5
1;3503;0;0.326;2.5
1;3504;0;0.314;2.5
1;3505;0;0.316;2.5
1;3506;0;0.320;2.5
1;3507;0;0.328;2.5
1;3508;0.007;0.321;2.5
1;3509;0.053;0.261;2.5
1;3510;0.099;0.249;2.5
1;3511;0.155;0.337;2.5
1;3512;0.241;0.337;2.5
1;3513;0.296;0.311;2.5
1;3514;0.407;0.288;2.5
1;3515;0.489;0.272;2.5
1;3516;0.571;0.243;2.5
1;3517;0.581;0.209;2.5
1;3518;0.497;0.192;2.5
1;3519;0.404;0.179;2.5
1;3520;0.249;0.156;2.5
1;3521;0.157;0.133;2.5
1;3522;0.067;0.099;2.5
1;3523;0.016;0.080;2.5
1;3524;0;0.079;2.5
1;3525;0;0.082;2.5
1;3526;0;0.094;2.5
1;3527;0;0.103;2.5
1;3528;0;0.103;2.5
1;3529;0;0.106;2.5
1;3530;0;0.122;2.5
1;3531;0;0.145;2.5
1;3532;0.004;0.159;2.5
1;3533;0.029;0.132;2.5
1;3534;0.069;0.086;2.5
1;3535;0.122;0.095;2.5
1;3536;0.187;0.108;2.5
1;3537;0.266;0.108;2.5
1;3538;0.341;0.107;2.5
1;3539;0.356;0.118;2.5
1;3540;0.342;0.133;2.5
1;3541;0.300;0.150;2.5
1;3542;0.264;0.162;2.5
1;3543;0.247;0.176;2.5
1;3544;0.197;0.198;2.5
1;3545;0.123;0.227;2.5
1;3546;0.052;0.253;2.5
1;3547;0.014;0.253;2.5
1;3548;0;0.258;2.5
1;3549;0;0.245;2.5
1;3550;0;0.227;2.5
1;3551;0;0.219;2.5
1;3552;0;0.213;2.5
1;3553;0;0.205;2.5
1;3554;0;0.201;2.5
1;3555;0;0.199;2.5
1;3556;0.004;0.182;2.5
1;3557;0.041;0.155;2.5
1;3558;0.125;0.234;2.5
1;3559;0.253;0.185;2.5
1;3560;0.439;0.153;2.5
1;3561;0.610;0.137;2.5
1;3562;0.713;0.132;2.5
1;3563;0.764;0.133;2.5
1;3564;0.769;0.135;2.5
1;3565;0.730;0.138;2.5
1;3566;0.653;0.134;2.5
1;3567;0.536;0.123;2.5
1;3568;0.382;0.111;2.5
1;3569;0.207;0.096;2.5
1;3570;0.049;0.081;2.5
1;3571;0.019;0.089;2.5
1;3572;0;0.111;2.5
1;3573;0;0.121;2.5
1;3574;0;0.119;2.5
1;3575;0;0.118;2.5
1;3576;0;0.126;2.5
1;3577;0;0.149;2.5
1;3578;0;0.183;2.5
1;3579;0;0.223;2.5
1;3580;0.011;0.249;2.5
1;3581;0.040;0.176;2.5
1;3582;0.173;0.128;2.5
1;3583;0.345;0.210;2.5
1;3584;0.502;0.216;2.5
1;3585;0.620;0.223;2.5
1;3586;0.695;0.249;2.5
1;3587;0.731;0.285;2.5
1;3588;0.703;0.325;2.5
1;3589;0.616;0.362;2.5
1;3590;0.434;0.384;2.5
1;3591;0.267;0.385;2.5
1;3592;0.169;0.354;2.5
1;3593;0.117;0.294;2.5
1;3594;0.067;0.225;2.5
1;3595;0.018;0.176;2.5
1;3596;0;0.201;2.5
1;3597;0;0.244;2.5
1;3598;0;0.259;2.5
1;3599;0;0.259;2.5
1;3600;0;0.255;2.5
1;3601;0;0.243;2.5
1;3602;0;0.235;2.5
1;3603;0;0.234;2.5
1;3604;0.007;0.210;2.5
1;3605;0.047;0.137;2.5
1;3606;0.099;0.104;2.5
1;3607;0.151;0.158;2.5
1;3608;0.214;0.219;2.5
1;3609;0.252;0.245;2.5
1;3610;0.253;0.255;2.5
1;3611;0.287;0.245;2.5
1;3612;0.382;0.233;2.5
1;3613;0.447;0.219;2.5
1;3614;0.393;0.206;2.5
1;3615;0.274;0.181;2.5
1;3616;0.208;0.153;2.5
1;3617;0.149;0.125;2.5
1;3618;0.070;0.079;2.5
1;3619;0.017;0.047;2.5
1;3620;0;0.029;2.5
1;3621;0;0.016;2.5
1;3622;0;0.010;2.5
1;3623;0;0.011;2.5
1;3624;0;0.021;2.5
1;3625;0;0.035;2.5
1;3626;0;0.048;2.5
1;3627;0;0.063;2.5
1;3628;0.009;0.083;2.5
1;3629;0.051;0.084;2.5
1;3630;0.136;0.065;2.5
1;3631;0.273;0.096;2.5
1;3632;0.404;0.152;2.5
1;3633;0.504;0.192;2.5
1;3634;0.611;0.202;2.5
1;3635;0.688;0.202;2.5
1;3636;0.695;0.218;2.5
1;3637;0.665;0.241;2.5
1;3638;0.583;0.248;2.5
1;3639;0.473;0.230;2.5
1;3640;0.317;0.219;2.5
1;3641;0.166;0.200;2.5
1;3642;0.067;0.167;2.5
1;3643;0.021;0.164;2.5
1;3644;0;0.181;2.5
1;3645;0;0.192;2.5
1;3646;0;0.192;2.5
1;3647;0;0.179;2.5
1;3648;0;0.155;2.5
1;3649;0;0.133;2.5
1;3650;0;0.118;2.5
1;3651;0;0.111;2.5
1;3652;0.011;0.106;2.5
1;3653;0.051;0.070;2.5
1;3654;0.152;0.049;2.5
1;3655;0.289;0.049;2.5
1;3656;0.422;0.041;2.5
1;3657;0.519;0.041;2.5
1;3658;0.596;0.048;2.5
1;3659;0.637;0.060;2.5
1;3660;0.637;0.073;2.5
1;3661;0.599;0.084;2.5
1;3662;0.539;0.094;2.5
1;3663;0.447;0.104;2.5
1;3664;0.315;0.115;2.5
1;3665;0.174;0.132;2.5
1;3666;0.067;0.141;2.5
1;3667;0.020;0.189;2.5
1;3668;0;0.272;2.5
1;3669;0;0.353;2.5
1;3670;0;0.413;2.5
1;3671;0;0.432;2.5
1;3672;0;0.416;2.5
1;3673;0;0.391;2.5
1;3674;0;0.367;2.5
1;3675;0;0.353;2.5
1;3676;0.011;0.311;2.5
1;3677;0.038;0.214;2.5
1;3678;0.162;0.144;2.5
1;3679;0.323;0.129;2.5
1;3680;0.464;0.231;2.5
1;3681;0.575;0.233;2.5
1;3682;0.649;0.237;2.5
1;3683;0.688;0.259;2.5
1;3684;0.690;0.308;2.5
1;3685;0.656;0.364;2.5
1;3686;0.586;0.387;2.5
1;3687;0.479;0.367;2.5
1;3688;0.341;0.316;2.5
1;3689;0.179;0.230;2.5
1;3690;0.065;0.160;2.5
1;3691;0.018;0.187;2.5
1;3692;0;0.220;2.5
1;3693;0;0.188;2.5
1;3694;0;0.163;2.5
1;3695;0;0.144;2.5
1;3696;0;0.135;2.5
1;3697;0;0.134;2.5
1;3698;0;0.141;2.5
1;3699;0;0.154;2.5
1;3700;0.006;0.132;2.5
1;3701;0.048;0.094;2.5
1;3702;0.136;0.088;2.5
1;3703;0.249;0.062;2.5
1;3704;0.392;0.026;2.5
1;3705;0.528;0.009;2.5
1;3706;0.598;0.003;2.5
1;3707;0.618;0.008;2.5
1;3708;0.602;0.016;2.5
1;3709;0.544;0.021;2.5
1;3710;0.463;0.022;2.5
1;3711;0.376;0.021;2.5
1;3712;0.298;0.018;2.5
1;3713;0.179;0.023;2.5
1;3714;0.070;0.050;2.5
1;3715;0.022;0.115;2.5
1;3716;0;0.209;2.5
1;3717;0;0.284;2.5
1;3718;0;0.332;2.5
1;3719;0;0.355;2.5
1;3720;0;0.358;2.5
1;3721;0;0.334;2.5
1;3722;0;0.296;2.5
1;3723;0;0.259;2.5
1;3724;0.012;0.227;2.5
1;3725;0.048;0.158;2.5
1;3726;0.156;0.095;2.5
1;3727;0.303;0.091;2.5
1;3728;0.439;0.134;2.5
1;3729;0.548;0.153;2.5
1;3730;0.621;0.159;2.5
1;3731;0.659;0.158;2.5
1;3732;0.662;0.153;2.5
1;3733;0.626;0.148;2.5
1;3734;0.559;0.155;2.5
1;3735;0.457;0.185;2.5
1;3736;0.326;0.252;2.5
1;3737;0.177;0.343;2.5
1;3738;0.065;0.420;2.5
1;3739;0.022;0.448;2.5
1;3740;0;0.440;2.5
1;3741;0;0.430;2.5
1;3742;0;0.398;2.5
1;3743;0;0.370;2.5
1;3744;0;0.353;2.5
1;3745;0;0.346;2.5
1;3746;0;0.343;2.5
1;3747;0;0.337;2.5
1;3748;0.014;0.294;2.5
1;3749;0.052;0.214;2.5
1;3750;0.165;0.251;2.5
1;3751;0.311;0.269;2.5
1;3752;0.414;0.227;2.5
1;3753;0.466;0.180;2.5
1;3754;0.532;0.144;2.5
1;3755;0.563;0.123;2.5
1;3756;0.492;0.116;2.5
1;3757;0.332;0.144;2.5
1;3758;0.173;0.301;2.5
1;3759;0.132;0.527;2.5
1;3760;0.101;0.590;2.5
1;3761;0.068;0.547;2.5
1;3762;0.031;0.454;2.5
1;3763;0.007;0.342;2.5
1;3764;0;0.257;2.5
1;3765;0;0.212;2.5
1;3766;0;0.180;2.5
1;3767;0;0.162;2.5
1;3768;0;0.134;2.5
1;3769;0;0.103;2.5
1;3770;0;0.090;2.5
1;3771;0;0.083;2.5
1;3772;0.012;0.078;2.5
1;3773;0.048;0.066;2.5
1;3774;0.167;0.053;2.5
1;3775;0.334;0.031;2.5
1;3776;0.486;0.023;2.5
1;3777;0.605;0.018;2.5
1;3778;0.684;0.015;2.5
1;3779;0.722;0.017;2.5
1;3780;0.725;0.020;2.5
1;3781;0.684;0.024;2.5
1;3782;0.585;0.036;2.5
1;3783;0.439;0.061;2.5
1;3784;0.312;0.092;2.5
1;3785;0.191;0.126;2.5
1;3786;0.061;0.160;2.5
1;3787;0.023;0.213;2.5
1;3788;0;0.332;2.5
1;3789;0;0.410;2.5
1;3790;0;0.432;2.5
1;3791;0;0.413;2.5
1;3792;0;0.367;2.5
1;3793;0;0.302;2.5
1;3794;0;0.451;2.5
1;3795;0;0.501;2.5
1;3796;0.012;0.218;2.5
1;3797;0.055;0.115;2.5
1;3798;0.146;0.237;2.5
1;3799;0.304;0.433;2.5
1;3800;0.416;0.491;2.5
1;3801;0.525;0.529;2.5
1;3802;0.637;0.577;2.5
1;3803;0.732;0.616;2.5
1;3804;0.742;0.627;2.5
1;3805;0.705;0.635;2.5
1;3806;0.628;0.627;2.5
1;3807;0.510;0.614;2.5
1;3808;0.359;0.580;2.5
1;3809;0.203;0.528;2.5
1;3810;0.060;0.464;2.5
1;3811;0.024;0.379;2.5
1;3812;0;0.353;2.5
1;3813;0;0.342;2.5
1;3814;0;0.336;2.5
1;3815;0;0.325;2.5
1;3816;0;0.309;2.5
1;3817;0;0.301;2.5
1;3818;0;0.289;2.5
1;3819;0;0.272;2.5
1;3820;0.015;0.219;2.5
1;3821;0.041;0.106;2.5
1;3822;0.171;0.083;2.5
1;3823;0.337;0.111;2.5
1;3824;0.489;0.125;2.5
1;3825;0.606;0.131;2.5
1;3826;0.683;0.119;2.5
1;3827;0.722;0.095;2.5
1;3828;0.709;0.071;2.5
1;3829;0.660;0.047;2.5
1;3830;0.596;0.025;2.5
1;3831;0.434;0.007;2.5
1;3832;0.207;0.001;2.5
1;3833;0.086;0.006;2.5
1;3834;0.046;0.037;2.5
1;3835;0.023;0.144;2.5
1;3836;0;0.281;2.5
1;3837;0;0.334;2.5
1;3838;0;0.320;2.5
1;3839;0;0.281;2.5
1;3840;0;0.238;2.5
1;3841;0;0.228;2.5
1;3842;0;0.215;2.5
1;3843;0;0.220;2.5
1;3844;0.003;0.205;2.5
1;3845;0.022;0.146;2.5
1;3846;0.053;0.092;2.5
1;3847;0.106;0.069;2.5
1;3848;0.198;0.044;2.5
1;3849;0.330;0.020;2.5
1;3850;0.449;0.016;2.5
1;3851;0.430;0.015;2.5
1;3852;0.418;0.019;2.5
1;3853;0.428;0.021;2.5
1;3854;0.404;0.017;2.5
1;3855;0.327;0.010;2.5
1;3856;0.182;0.004;2.5
1;3857;0.115;0.001;2.5
1;3858;0.061;0.014;2.5
1;3859;0.022;0.062;2.5
1;3860;0;0.159;2.5
1;3861;0;0.299;2.5
1;3862;0;0.294;2.5
1;3863;0;0.261;2.5
1;3864;0;0.241;2.5
1;3865;0;0.183;2.5
1;3866;0;0.115;2.5
1;3867;0;0.071;2.5
1;3868;0.010;0.057;2.5
1;3869;0.054;0.044;2.5
1;3870;0.145;0.043;2.5
1;3871;0.284;0.044;2.5
1;3872;0.378;0.035;2.5
1;3873;0.392;0.023;2.5
1;3874;0.391;0.024;2.5
1;3875;0.473;0.030;2.5
1;3876;0.523;0.032;2.5
1;3877;0.518;0.028;2.5
1;3878;0.465;0.023;2.5
1;3879;0.365;0.017;2.5
1;3880;0.239;0.009;2.5
1;3881;0.131;0.006;2.5
1;3882;0.047;0.025;2.5
1;3883;0.009;0.104;2.5
1;3884;0;0.206;2.5
1;3885;0;0.270;2.5
1;3886;0;0.289;2.5
1;3887;0;0.294;2.5
1;3888;0;0.282;2.5
1;3889;0;0.270;2.5
1;3890;0;0.262;2.5
1;3891;0;0.226;2.5
1;3892;0.010;0.144;2.5
1;3893;0.054;0.062;2.5
1;3894;0.133;0.038;2.5
1;3895;0.206;0.049;2.5
1;3896;0.342;0.076;2.5
1;3897;0.472;0.118;2.5
1;3898;0.556;0.144;2.5
1;3899;0.612;0.137;2.5
1;3900;0.623;0.120;2.5
1;3901;0.591;0.100;2.5
1;3902;0.534;0.075;2.5
1;3903;0.439;0.047;2.5
1;3904;0.312;0.031;2.5
1;3905;0.169;0.066;2.5
1;3906;0.061;0.202;2.5
1;3907;0.013;0.351;2.5
1;3908;0;0.442;2.5
1;3909;0;0.526;2.5
1;3910;0;0.471;2.5
1;3911;0;0.324;2.5
1;3912;0;0.209;2.5
1;3913;0;0.161;2.5
1;3914;0;0.154;2.5
1;3915;0;0.159;2.5
1;3916;0.014;0.119;2.5
1;3917;0.057;0.032;2.5
1;3918;0.146;0.014;2.5
1;3919;0.249;0.009;2.5
1;3920;0.350;0.012;2.5
1;3921;0.470;0.027;2.5
1;3922;0.620;0.038;2.5
1;3923;0.706;0.047;2.5
1;3924;0.715;0.054;2.5
1;3925;0.679;0.054;2.5
1;3926;0.604;0.049;2.5
1;3927;0.492;0.046;2.5
1;3928;0.344;0.047;2.5
1;3929;0.191;0.047;2.5
1;3930;0.072;0.045;2.5
1;3931;0.026;0.039;2.5
1;3932;0;0.039;2.5
1;3933;0;0.049;2.5
1;3934;0;0.061;2.5
1;3935;0;0.061;2.5
1;3936;0;0.046;2.5
1;3937;0;0.029;2.5
1;3938;0;0.014;2.5
1;3939;0;0.005;2.5
1;3940;0.016;0.005;2.5
1;3941;0.045;0.019;2.5
1;3942;0.169;0.032;2.5
1;3943;0.329;0.061;2.5
1;3944;0.473;0.090;2.5
1;3945;0.586;0.103;2.5
1;3946;0.661;0.106;2.5
1;3947;0.700;0.114;2.5
1;3948;0.700;0.133;2.5
1;3949;0.650;0.141;2.5
1;3950;0.410;0.134;2.5
1;3951;0.211;0.132;2.5
1;3952;0.138;0.125;2.5
1;3953;0.084;0.131;2.5
1;3954;0.041;0.231;2.5
1;3955;0.009;0.347;2.5
1;3956;0;0.421;2.5
1;3957;0;0.464;2.5
1;3958;0;0.457;2.5
1;3959;0;0.469;2.5
1;3960;0;0.495;2.5
1;3961;0;0.472;2.5
1;3962;0;0.464;2.5
1;3963;0;0.494;2.5
1;3964;0.002;0.521;2.5
1;3965;0.027;0.523;2.5
1;3966;0.098;0.548;2.5
1;3967;0.216;0.675;2.5
1;3968;0.324;0.694;2.5
1;3969;0.412;0.616;2.5
1;3970;0.494;0.506;2.5
1;3971;0.508;0.377;2.5
1;3972;0.491;0.301;2.5
1;3973;0.450;0.311;2.5
1;3974;0.456;0.411;2.5
1;3975;0.410;0.514;2.5
1;3976;0.308;0.546;2.5
1;3977;0.189;0.541;2.5
1;3978;0.079;0.538;2.5
1;3979;0.027;0.481;2.5
1;3980;0;0.367;2.5
1;3981;0;0.241;2.5
1;3982;0;0.227;2.5
1;3983;0;0.272;2.5
1;3984;0;0.305;2.5
1;3985;0;0.291;2.5
1;3986;0;0.226;2.5
1;3987;0;0.180;2.5
1;3988;0.009;0.145;2.5
1;3989;0.053;0.144;2.5
1;3990;0.142;0.154;2.5
1;3991;0.233;0.144;2.5
1;3992;0.264;0.123;2.5
1;3993;0.266;0.102;2.5
1;3994;0.287;0.085;2.5
1;3995;0.349;0.083;2.5
1;3996;0.481;0.097;2.5
1;3997;0.525;0.115;2.5
1;3998;0.482;0.114;2.5
1;3999;0.416;0.096;2.5
1;4000;0.322;0.076;2.5
1;4001;0.194;0.064;2.5
1;4002;0.080;0.056;2.5
1;4003;0.028;0.050;2.5
1;4004;0;0.038;2.5
1;4005;0;0.020;2.5
1;4006;0;0.009;2.5
1;4007;0;0.006;2.5
1;4008;0;0.005;2.5
1;4009;0;0.007;2.5
1;4010;0;0.011;2.5
1;4011;0;0.015;2.5
1;4012;0.015;0.018;2.5
1;4013;0.056;0.017;2.5
1;4014;0.156;0.016;2.5
1;4015;0.299;0.011;2.5
1;4016;0.436;0.009;2.5
1;4017;0.546;0.006;2.5
1;4018;0.610;0.004;2.5
1;4019;0.636;0.002;2.5
1;4020;0.638;0.002;2.5
1;4021;0.580;0.001;2.5
1;4022;0.533;0.003;2.5
1;4023;0.439;0.007;2.5
1;4024;0.297;0.012;2.5
1;4025;0.171;0.020;2.5
1;4026;0.074;0.040;2.5
1;4027;0.025;0.091;2.5
1;4028;0;0.185;2.5
1;4029;0;0.264;2.5
1;4030;0;0.298;2.5
1;4031;0;0.311;2.5
1;4032;0;0.310;2.5
1;4033;0;0.300;2.5
1;4034;0;0.283;2.5
1;4035;0;0.269;2.5
1;4036;0.016;0.231;2.5
1;4037;0.045;0.126;2.5
1;4038;0.163;0.087;2.5
1;4039;0.319;0.187;2.5
1;4040;0.462;0.186;2.5
1;4041;0.573;0.191;2.5
1;4042;0.647;0.201;2.5
1;4043;0.686;0.208;2.5
1;4044;0.688;0.209;2.5
1;4045;0.653;0.208;2.5
1;4046;0.568;0.199;2.5
1;4047;0.457;0.180;2.5
1;4048;0.311;0.162;2.5
1;4049;0.173;0.150;2.5
1;4050;0.068;0.148;2.5
1;4051;0.020;0.192;2.5
1;4052;0;0.283;2.5
1;4053;0;0.350;2.5
1;4054;0;0.367;2.5
1;4055;0;0.358;2.5
1;4056;0;0.337;2.5
1;4057;0;0.312;2.5
1;4058;0;0.278;2.5
1;4059;0;0.238;2.5
1;4060;0.013;0.188;2.5
1;4061;0.060;0.115;2.5
1;4062;0.152;0.089;2.5
1;4063;0.267;0.107;2.5
1;4064;0.376;0.130;2.5
1;4065;0.480;0.130;2.5
1;4066;0.528;0.117;2.5
1;4067;0.543;0.103;2.5
1;4068;0.449;0.095;2.5
1;4069;0.347;0.094;2.5
1;4070;0.251;0.093;2.5
1;4071;0.183;0.085;2.5
1;4072;0.148;0.075;2.5
1;4073;0.127;0.064;2.5
1;4074;0.078;0.058;2.5
1;4075;0.028;0.068;2.5
1;4076;0;0.093;2.5
1;4077;0;0.131;2.5
1;4078;0;0.160;2.5
1;4079;0;0.167;2.5
1;4080;0;0.145;2.5
1;4081;0;0.118;2.5
1;4082;0;0.106;2.5
1;4083;0;0.101;2.5
1;4084;0.010;0.075;2.5
1;4085;0.058;0.025;2.5
1;4086;0.151;0.021;2.5
1;4087;0.238;0.078;2.5
1;4088;0.320;0.155;2.5
1;4089;0.430;0.199;2.5
1;4090;0.539;0.201;2.5
1;4091;0.543;0.196;2.5
1;4092;0.387;0.191;2.5
1;4093;0.258;0.162;2.5
1;4094;0.298;0.124;2.5
1;4095;0.334;0.105;2.5
1;4096;0.240;0.099;2.5
1;4097;0.132;0.082;2.5
1;4098;0.064;0.057;2.5
1;4099;0.022;0.039;2.5
1;4100;0;0.031;2.5
1;4101;0;0.032;2.5
1;4102;0;0.036;2.5
1;4103;0;0.033;2.5
1;4104;0;0.030;2.5
1;4105;0;0.031;2.5
1;4106;0;0.029;2.5
1;4107;0;0.027;2.5
1;4108;0.003;0.026;2.5
1;4109;0.024;0.035;2.5
1;4110;0.056;0.072;2.5
1;4111;0.114;0.133;2.5
1;4112;0.208;0.205;2.5
1;4113;0.279;0.251;2.5
1;4114;0.388;0.228;2.5
1;4115;0.562;0.183;2.5
1;4116;0.652;0.152;2.5
1;4117;0.643;0.141;2.5
1;4118;0.580;0.141;2.5
1;4119;0.478;0.142;2.5
1;4120;0.348;0.139;2.5
1;4121;0.205;0.129;2.5
1;4122;0.080;0.119;2.5
1;4123;0.028;0.129;2.5
1;4124;0;0.179;2.5
1;4125;0;0.227;2.5
1;4126;0;0.237;2.5
1;4127;0;0.225;2.5
1;4128;0;0.218;2.5
1;4129;0;0.213;2.5
1;4130;0;0.213;2.5
1;4131;0;0.211;2.5
1;4132;0.017;0.196;2.5
1;4133;0.047;0.148;2.5
1;4134;0.164;0.169;2.5
1;4135;0.325;0.146;2.5
1;4136;0.473;0.111;2.5
1;4137;0.586;0.078;2.5
1;4138;0.649;0.059;2.5
1;4139;0.669;0.057;2.5
1;4140;0.652;0.067;2.5
1;4141;0.605;0.084;2.5
1;4142;0.529;0.104;2.5
1;4143;0.431;0.122;2.5
1;4144;0.302;0.139;2.5
1;4145;0.177;0.168;2.5
1;4146;0.075;0.213;2.5
1;4147;0.026;0.274;2.5
1;4148;0;0.352;2.5
1;4149;0;0.368;2.5
1;4150;0;0.341;2.5
1;4151;0;0.316;2.5
1;4152;0;0.287;2.5
1;4153;0;0.263;2.5
1;4154;0;0.251;2.5
1;4155;0;0.256;2.5
1;4156;0.016;0.220;2.5
1;4157;0.043;0.139;2.5
1;4158;0.164;0.124;2.5
1;4159;0.327;0.134;2.5
1;4160;0.474;0.149;2.5
1;4161;0.589;0.138;2.5
1;4162;0.667;0.136;2.5
1;4163;0.708;0.134;2.5
1;4164;0.711;0.133;2.5
1;4165;0.676;0.130;2.5
1;4166;0.605;0.128;2.5
1;4167;0.499;0.128;2.5
1;4168;0.361;0.136;2.5
1;4169;0.205;0.163;2.5
1;4170;0.064;0.225;2.5
1;4171;0.025;0.309;2.5
1;4172;0;0.398;2.5
1;4173;0;0.392;2.5
1;4174;0;0.341;2.5
1;4175;0;0.300;2.5
1;4176;0;0.258;2.5
1;4177;0;0.224;2.5
1;4178;0;0.200;2.5
1;4179;0;0.182;2.5
1;4180;0.016;0.149;2.5
1;4181;0.039;0.078;2.5
1;4182;0.164;0.045;2.5
1;4183;0.328;0.062;2.5
1;4184;0.472;0.062;2.5
1;4185;0.581;0.073;2.5
1;4186;0.653;0.092;2.5
1;4187;0.683;0.113;2.5
1;4188;0.680;0.123;2.5
1;4189;0.645;0.125;2.5
1;4190;0.584;0.138;2.5
1;4191;0.496;0.162;2.5
1;4192;0.362;0.186;2.5
1;4193;0.206;0.211;2.5
1;4194;0.061;0.233;2.5
1;4195;0.024;0.277;2.5
1;4196;0;0.367;2.5
1;4197;0;0.408;2.5
1;4198;0;0.410;2.5
1;4199;0;0.395;2.5
1;4200;0;0.386;2.5
1;4201;0;0.401;2.5
1;4202;0;0.368;2.5
1;4203;0;0.325;2.5
1;4204;0.016;0.259;2.5
1;4205;0.049;0.153;2.5
1;4206;0.152;0.116;2.5
1;4207;0.296;0.174;2.5
1;4208;0.437;0.249;2.5
1;4209;0.547;0.270;2.5
1;4210;0.615;0.255;2.5
1;4211;0.651;0.230;2.5
1;4212;0.672;0.205;2.5
1;4213;0.641;0.183;2.5
1;4214;0.573;0.157;2.5
1;4215;0.470;0.126;2.5
1;4216;0.337;0.107;2.5
1;4217;0.192;0.096;2.5
1;4218;0.067;0.081;2.5
1;4219;0.025;0.082;2.5
1;4220;0;0.101;2.5
1;4221;0;0.135;2.5
1;4222;0;0.177;2.5
1;4223;0;0.210;2.5
1;4224;0;0.227;2.5
1;4225;0;0.223;2.5
1;4226;0;0.210;2.5
1;4227;0;0.186;2.5
1;4228;0.016;0.154;2.5
1;4229;0.047;0.094;2.5
1;4230;0.151;0.043;2.5
1;4231;0.294;0.035;2.5
1;4232;0.436;0.075;2.5
1;4233;0.540;0.114;2.5
1;4234;0.605;0.170;2.5
1;4235;0.636;0.243;2.5
1;4236;0.640;0.332;2.5
1;4237;0.600;0.431;2.5
1;4238;0.538;0.515;2.5
1;4239;0.448;0.560;2.5
1;4240;0.328;0.578;2.5
1;4241;0.191;0.586;2.5
1;4242;0.069;0.583;2.5
1;4243;0.025;0.545;2.5
1;4244;0;0.477;2.5
1;4245;0;0.422;2.5
1;4246;0;0.448;2.5
1;4247;0;0.456;2.5
1;4248;0;0.441;2.5
1;4249;0;0.420;2.5
1;4250;0;0.397;2.5
1;4251;0;0.368;2.5
1;4252;0.015;0.346;2.5
1;4253;0.035;0.342;2.5
1;4254;0.166;0.323;2.5
1;4255;0.341;0.305;2.5
1;4256;0.494;0.302;2.5
1;4257;0.611;0.314;2.5
1;4258;0.686;0.337;2.5
1;4259;0.723;0.355;2.5
1;4260;0.723;0.376;2.5
1;4261;0.687;0.392;2.5
1;4262;0.616;0.407;2.5
1;4263;0.509;0.418;2.5
1;4264;0.370;0.425;2.5
1;4265;0.210;0.419;2.5
1;4266;0.064;0.395;2.5
1;4267;0.024;0.343;2.5
1;4268;0;0.277;2.5
1;4269;0;0.249;2.5
1;4270;0;0.229;2.5
1;4271;0;0.211;2.5
1;4272;0;0.194;2.5
1;4273;0;0.186;2.5
1;4274;0;0.172;2.5
1;4275;0;0.157;2.5
1;4276;0.015;0.134;2.5
1;4277;0.058;0.119;2.5
1;4278;0.134;0.111;2.5
1;4279;0.231;0.105;2.5
1;4280;0.237;0.101;2.5
1;4281;0.390;0.093;2.5
1;4282;0.560;0.080;2.5
1;4283;0.622;0.070;2.5
1;4284;0.696;0.065;2.5
1;4285;0.658;0.067;2.5
1;4286;0.596;0.068;2.5
1;4287;0.492;0.066;2.5
1;4288;0.361;0.062;2.5
1;4289;0.205;0.065;2.5
1;4290;0.070;0.068;2.5
1;4291;0.026;0.084;2.5
1;4292;0;0.119;2.5
1;4293;0;0.146;2.5
1;4294;0;0.154;2.5
1;4295;0;0.135;2.5
1;4296;0;0.101;2.5
1;4297;0;0.070;2.5
1;4298;0;0.054;2.5
1;4299;0;0.054;2.5
1;4300;0.015;0.068;2.5
1;4301;0.036;0.051;2.5
1;4302;0.162;0.041;2.5
1;4303;0.328;0.039;2.5
1;4304;0.478;0.038;2.5
1;4305;0.592;0.040;2.5
1;4306;0.665;0.039;2.5
1;4307;0.702;0.034;2.5
1;4308;0.703;0.030;2.5
1;4309;0.667;0.030;2.5
1;4310;0.597;0.034;2.5
1;4311;0.491;0.038;2.5
1;4312;0.355;0.037;2.5
1;4313;0.202;0.031;2.5
1;4314;0.063;0.022;2.5
1;4315;0.023;0.011;2.5
1;4316;0;0.003;2.5
1;4317;0;0.004;2.5
1;4318;0;0.017;2.5
1;4319;0;0.051;2.5
1;4320;0;0.112;2.5
1;4321;0;0.185;2.5
1;4322;0;0.248;2.5
1;4323;0;0.290;2.5
1;4324;0.015;0.299;2.5
1;4325;0.038;0.203;2.5
1;4326;0.159;0.122;2.5
1;4327;0.322;0.131;2.5
1;4328;0.464;0.258;2.5
1;4329;0.571;0.328;2.5
1;4330;0.644;0.344;2.5
1;4331;0.680;0.379;2.5
1;4332;0.683;0.413;2.5
1;4333;0.649;0.424;2.5
1;4334;0.582;0.422;2.5
1;4335;0.478;0.433;2.5
1;4336;0.341;0.481;2.5
1;4337;0.189;0.559;2.5
1;4338;0.069;0.613;2.5
1;4339;0.023;0.607;2.5
1;4340;0;0.487;2.5
1;4341;0;0.345;2.5
1;4342;0;0.323;2.5
1;4343;0;0.302;2.5
1;4344;0;0.237;2.5
1;4345;0;0.168;2.5
1;4346;0;0.132;2.5
1;4347;0;0.117;2.5
1;4348;0.015;0.092;2.5
1;4349;0.053;0.075;2.5
1;4350;0.152;0.082;2.5
1;4351;0.309;0.090;2.5
1;4352;0.421;0.112;2.5
1;4353;0.478;0.173;2.5
1;4354;0.589;0.251;2.5
1;4355;0.645;0.294;2.5
1;4356;0.688;0.362;2.5
1;4357;0.642;0.441;2.5
1;4358;0.579;0.491;2.5
1;4359;0.482;0.554;2.5
1;4360;0.350;0.590;2.5
1;4361;0.196;0.594;2.5
1;4362;0.074;0.576;2.5
1;4363;0.023;0.544;2.5
1;4364;0;0.522;2.5
1;4365;0;0.454;2.5
1;4366;0;0.334;2.5
1;4367;0;0.278;2.5
1;4368;0;0.265;2.5
1;4369;0;0.272;2.5
1;4370;0;0.281;2.5
1;4371;0;0.297;2.5
1;4372;0.015;0.278;2.5
1;4373;0.044;0.388;2.5
1;4374;0.158;0.517;2.5
1;4375;0.318;0.546;2.5
1;4376;0.463;0.564;2.5
1;4377;0.585;0.572;2.5
1;4378;0.669;0.571;2.5
1;4379;0.716;0.563;2.5
1;4380;0.698;0.560;2.5
1;4381;0.684;0.559;2.5
1;4382;0.622;0.560;2.5
1;4383;0.516;0.557;2.5
1;4384;0.366;0.555;2.5
1;4385;0.211;0.558;2.5
1;4386;0.068;0.553;2.5
1;4387;0.024;0.494;2.5
1;4388;0;0.394;2.5
1;4389;0;0.294;2.5
1;4390;0;0.231;2.5
1;4391;0;0.216;2.5
1;4392;0;0.212;2.5
1;4393;0;0.203;2.5
1;4394;0;0.194;2.5
1;4395;0;0.192;2.5
1;4396;0.015;0.167;2.5
1;4397;0.038;0.188;2.5
1;4398;0.165;0.238;2.5
1;4399;0.334;0.249;2.5
1;4400;0.477;0.270;2.5
1;4401;0.589;0.294;2.5
1;4402;0.638;0.308;2.5
1;4403;0.638;0.323;2.5
1;4404;0.657;0.343;2.5
1;4405;0.665;0.363;2.5
1;4406;0.595;0.377;2.5
1;4407;0.487;0.385;2.5
1;4408;0.351;0.379;2.5
1;4409;0.204;0.362;2.5
1;4410;0.075;0.341;2.5
1;4411;0.025;0.284;2.5
1;4412;0;0.240;2.5
1;4413;0;0.237;2.5
1;4414;0;0.231;2.5
1;4415;0;0.233;2.5
1;4416;0;0.235;2.5
1;4417;0;0.233;2.5
1;4418;0;0.225;2.5
1;4419;0;0.216;2.5
1;4420;0.015;0.155;2.5
1;4421;0.043;0.128;2.5
1;4422;0.167;0.150;2.5
1;4423;0.341;0.145;2.5
1;4424;0.493;0.165;2.5
1;4425;0.611;0.202;2.5
1;4426;0.686;0.245;2.5
1;4427;0.725;0.286;2.5
1;4428;0.722;0.315;2.5
1;4429;0.674;0.332;2.5
1;4430;0.546;0.346;2.5
1;4431;0.290;0.364;2.5
1;4432;0.158;0.367;2.5
1;4433;0.132;0.352;2.5
1;4434;0.072;0.325;2.5
1;4435;0.021;0.278;2.5
1;4436;0;0.265;2.5
1;4437;0;0.290;2.5
1;4438;0;0.315;2.5
1;4439;0;0.314;2.5
1;4440;0;0.319;2.5
1;4441;0;0.376;2.5
1;4442;0;0.373;2.5
1;4443;0;0.367;2.5
1;4444;0.007;0.319;2.5
1;4445;0.060;0.303;2.5
1;4446;0.151;0.449;2.5
1;4447;0.260;0.510;2.5
1;4448;0.317;0.511;2.5
1;4449;0.360;0.506;2.5
1;4450;0.396;0.488;2.5
1;4451;0.482;0.466;2.5
1;4452;0.549;0.460;2.5
1;4453;0.522;0.464;2.5
1;4454;0.403;0.466;2.5
1;4455;0.298;0.454;2.5
1;4456;0.221;0.433;2.5
1;4457;0.144;0.401;2.5
1;4458;0.068;0.345;2.5
1;4459;0.019;0.259;2.5
1;4460;0;0.188;2.5
1;4461;0;0.156;2.5
1;4462;0;0.126;2.5
1;4463;0;0.100;2.5
1;4464;0;0.084;2.5
1;4465;0;0.075;2.5
1;4466;0;0.081;2.5
1;4467;0;0.102;2.5
1;4468;0.006;0.114;2.5
1;4469;0.055;0.096;2.5
1;4470;0.134;0.147;2.5
1;4471;0.184;0.181;2.5
1;4472;0.239;0.205;2.5
1;4473;0.412;0.252;2.5
1;4474;0.499;0.312;2.5
1;4475;0.612;0.378;2.5
1;4476;0.563;0.445;2.5
1;4477;0.430;0.496;2.5
1;4478;0.254;0.506;2.5
1;4479;0.189;0.466;2.5
1;4480;0.116;0.418;2.5
1;4481;0.047;0.344;2.5
1;4482;0.021;0.265;2.5
1;4483;0.005;0.238;2.5
1;4484;0;0.259;2.5
1;4485;0;0.299;2.5
1;4486;0;0.308;2.5
1;4487;0;0.329;2.5
1;4488;0;0.315;2.5
1;4489;0;0.305;2.5
1;4490;0;0.328;2.5
1;4491;0;0.362;2.5
1;4492;0.012;0.348;2.5
1;4493;0.053;0.323;2.5
1;4494;0.122;0.410;2.5
1;4495;0.267;0.476;2.5
1;4496;0.360;0.472;2.5
1;4497;0.418;0.477;2.5
1;4498;0.460;0.471;2.5
1;4499;0.438;0.473;2.5
1;4500;0.478;0.474;2.5
1;4501;0.610;0.481;2.5
1;4502;0.469;0.493;2.5
1;4503;0.403;0.494;2.5
1;4504;0.302;0.489;2.5
1;4505;0.183;0.466;2.5
1;4506;0.080;0.432;2.5
1;4507;0.026;0.363;2.5
1;4508;0;0.312;2.5
1;4509;0;0.295;2.5
1;4510;0;0.297;2.5
1;4511;0;0.320;2.5
1;4512;0;0.311;2.5
1;4513;0;0.264;2.5
1;4514;0;0.243;2.5
1;4515;0;0.227;2.5
1;4516;0.013;0.210;2.5
1;4517;0.057;0.241;2.5
1;4518;0.153;0.344;2.5
1;4519;0.274;0.356;2.5
1;4520;0.436;0.359;2.5
1;4521;0.544;0.372;2.5
1;4522;0.607;0.379;2.5
1;4523;0.620;0.386;2.5
1;4524;0.581;0.388;2.5
1;4525;0.546;0.381;2.5
1;4526;0.476;0.360;2.5
1;4527;0.385;0.323;2.5
1;4528;0.244;0.292;2.5
1;4529;0.153;0.274;2.5
1;4530;0.068;0.259;2.5
1;4531;0.017;0.223;2.5
1;4532;0;0.241;2.5
1;4533;0;0.272;2.5
1;4534;0;0.280;2.5
1;4535;0;0.261;2.5
1;4536;0;0.250;2.5
1;4537;0;0.242;2.5
1;4538;0;0.235;2.5
1;4539;0;0.227;2.5
1;4540;0.014;0.193;2.5
1;4541;0.045;0.169;2.5
1;4542;0.158;0.200;2.5
1;4543;0.314;0.183;2.5
1;4544;0.457;0.182;2.5
1;4545;0.575;0.187;2.5
1;4546;0.649;0.191;2.5
1;4547;0.682;0.191;2.5
1;4548;0.698;0.193;2.5
1;4549;0.646;0.199;2.5
1;4550;0.565;0.214;2.5
1;4551;0.424;0.243;2.5
1;4552;0.259;0.272;2.5
1;4553;0.138;0.300;2.5
1;4554;0.074;0.302;2.5
1;4555;0.021;0.261;2.5
1;4556;0;0.257;2.5
1;4557;0;0.283;2.5
1;4558;0;0.274;2.5
1;4559;0;0.278;2.5
1;4560;0;0.272;2.5
1;4561;0;0.260;2.5
1;4562;0;0.252;2.5
1;4563;0;0.253;2.5
1;4564;0.013;0.242;2.5
1;4565;0.051;0.236;2.5
1;4566;0.158;0.284;2.5
1;4567;0.300;0.274;2.5
1;4568;0.450;0.267;2.5
1;4569;0.566;0.270;2.5
1;4570;0.610;0.265;2.5
1;4571;0.583;0.255;2.5
1;4572;0.564;0.246;2.5
1;4573;0.428;0.237;2.5
1;4574;0.343;0.225;2.5
1;4575;0.224;0.208;2.5
1;4576;0.191;0.199;2.5
1;4577;0.155;0.200;2.5
1;4578;0.077;0.181;2.5
1;4579;0.022;0.163;2.5
1;4580;0;0.190;2.5
1;4581;0;0.205;2.5
1;4582;0;0.211;2.5
1;4583;0;0.209;2.5
1;4584;0;0.196;2.5
1;4585;0;0.180;2.5
1;4586;0;0.166;2.5
1;4587;0;0.146;2.5
1;4588;0.011;0.109;2.5
1;4589;0.055;0.040;2.5
1;4590;0.143;0.012;2.5
1;4591;0.267;0.007;2.5
1;4592;0.404;0.010;2.5
1;4593;0.530;0.010;2.5
1;4594;0.620;0.009;2.5
1;4595;0.654;0.008;2.5
1;4596;0.644;0.009;2.5
1;4597;0.577;0.010;2.5
1;4598;0.485;0.012;2.5
1;4599;0.388;0.015;2.5
1;4600;0.276;0.020;2.5
1;4601;0.142;0.026;2.5
1;4602;0.064;0.035;2.5
1;4603;0.015;0.052;2.5
1;4604;0;0.068;2.5
1;4605;0;0.068;2.5
1;4606;0;0.057;2.5
1;4607;0;0.041;2.5
1;4608;0;0.030;2.5
1;4609;0;0.026;2.5
1;4610;0;0.032;2.5
1;4611;0;0.040;2.5
1;4612;0;0.046;2.5
1;4613;0.014;0.045;2.5
1;4614;0.044;0.041;2.5
1;4615;0.089;0.039;2.5
1;4616;0.141;0.035;2.5
1;4617;0.184;0.031;2.5
1;4618;0.216;0.030;2.5
1;4619;0.245;0.025;2.5
1;4620;0.254;0.020;2.5
1;4621;0.232;0.018;2.5
1;4622;0.207;0.016;2.5
1;4623;0.187;0.015;2.5
1;4624;0.164;0.015;2.5
1;4625;0.124;0.013;2.5
1;4626;0.061;0.012;2.5
1;4627;0.015;0.013;2.5
1;4628;0;0.017;2.5
1;4629;0;0.017;2.5
1;4630;0;0.015;2.5
1;4631;0;0.019;2.5
1;4632;0;0.037;2.5
1;4633;0;0.064;2.5
1;4634;0;0.090;2.5
1;4635;0;0.107;2.5
1;4636;0.008;0.115;2.5
1;4637;0.052;0.089;2.5
1;4638;0.141;0.076;2.5
1;4639;0.278;0.090;2.5
1;4640;0.433;0.105;2.5
1;4641;0.554;0.118;2.5
1;4642;0.628;0.124;2.5
1;4643;0.665;0.125;2.5
1;4644;0.657;0.132;2.5
1;4645;0.582;0.145;2.5
1;4646;0.510;0.159;2.5
1;4647;0.425;0.168;2.5
1;4648;0.294;0.172;2.5
1;4649;0.164;0.167;2.5
1;4650;0.072;0.146;2.5
1;4651;0.019;0.124;2.5
1;4652;0;0.118;2.5
1;4653;0;0.099;2.5
1;4654;0;0.100;2.5
1;4655;0;0.133;2.5
1;4656;0;0.178;2.5
1;4657;0;0.210;2.5
1;4658;0;0.221;2.5
1;4659;0;0.224;2.5
1;4660;0.010;0.205;2.5
1;4661;0.054;0.170;2.5
1;4662;0.149;0.166;2.5
1;4663;0.260;0.133;2.5
1;4664;0.388;0.103;2.5
1;4665;0.468;0.083;2.5
1;4666;0.513;0.068;2.5
1;4667;0.484;0.063;2.5
1;4668;0.453;0.067;2.5
1;4669;0.405;0.071;2.5
1;4670;0.379;0.073;2.5
1;4671;0.318;0.077;2.5
1;4672;0.234;0.084;2.5
1;4673;0.142;0.093;2.5
1;4674;0.065;0.102;2.5
1;4675;0.017;0.111;2.5
1;4676;0;0.144;2.5
1;4677;0;0.163;2.5
1;4678;0;0.151;2.5
1;4679;0;0.133;2.5
1;4680;0;0.120;2.5
1;4681;0;0.112;2.5
1;4682;0;0.107;2.5
1;4683;0;0.103;2.5
1;4684;0.006;0.095;2.5
1;4685;0.048;0.094;2.5
1;4686;0.115;0.100;2.5
1;4687;0.180;0.115;2.5
1;4688;0.218;0.142;2.5
1;4689;0.318;0.160;2.5
1;4690;0.563;0.158;2.5
1;4691;0.699;0.153;2.5
1;4692;0.714;0.156;2.5
1;4693;0.688;0.169;2.5
1;4694;0.612;0.187;2.5
1;4695;0.503;0.207;2.5
1;4696;0.354;0.233;2.5
1;4697;0.188;0.260;2.5
1;4698;0.072;0.277;2.5
1;4699;0.017;0.265;2.5
1;4700;0;0.234;2.5
1;4701;0;0.226;2.5
1;4702;0;0.237;2.5
1;4703;0;0.254;2.5
1;4704;0;0.254;2.5
1;4705;0;0.255;2.5
1;4706;0;0.252;2.5
1;4707;0;0.253;2.5
1;4708;0.001;0.256;2.5
1;4709;0.020;0.275;2.5
1;4710;0.063;0.297;2.5
1;4711;0.140;0.306;2.5
1;4712;0.263;0.290;2.5
1;4713;0.346;0.283;2.5
1;4714;0.507;0.289;2.5
1;4715;0.591;0.311;2.5
1;4716;0.587;0.355;2.5
1;4717;0.444;0.410;2.5
1;4718;0.288;0.447;2.5
1;4719;0.226;0.454;2.5
1;4720;0.225;0.442;2.5
1;4721;0.167;0.425;2.5
1;4722;0.076;0.389;2.5
1;4723;0.020;0.311;2.5
1;4724;0;0.305;2.5
1;4725;0;0.309;2.5
1;4726;0;0.297;2.5
1;4727;0;0.285;2.5
1;4728;0;0.266;2.5
1;4729;0;0.241;2.5
1;4730;0;0.218;2.5
1;4731;0;0.201;2.5
1;4732;0.008;0.172;2.5
1;4733;0.039;0.115;2.5
1;4734;0.149;0.087;2.5
1;4735;0.319;0.058;2.5
1;4736;0.473;0.049;2.5
1;4737;0.594;0.047;2.5
1;4738;0.669;0.047;2.5
1;4739;0.708;0.048;2.5
1;4740;0.708;0.047;2.5
1;4741;0.675;0.045;2.5
1;4742;0.603;0.043;2.5
1;4743;0.484;0.042;2.5
1;4744;0.350;0.041;2.5
1;4745;0.192;0.041;2.5
1;4746;0.066;0.045;2.5
1;4747;0.015;0.071;2.5
1;4748;0;0.118;2.5
1;4749;0;0.158;2.5
1;4750;0;0.183;2.5
1;4751;0;0.194;2.5
1;4752;0;0.189;2.5
1;4753;0;0.183;2.5
1;4754;0;0.183;2.5
1;4755;0;0.186;2.5
1;4756;0.008;0.169;2.5
1;4757;0.039;0.089;2.5
1;4758;0.149;0.055;2.5
1;4759;0.314;0.060;2.5
1;4760;0.466;0.031;2.5
1;4761;0.582;0.017;2.5
1;4762;0.656;0.013;2.5
1;4763;0.694;0.012;2.5
1;4764;0.699;0.011;2.5
1;4765;0.653;0.011;2.5
1;4766;0.571;0.011;2.5
1;4767;0.426;0.011;2.5
1;4768;0.270;0.011;2.5
1;4769;0.143;0.012;2.5
1;4770;0.061;0.014;2.5
1;4771;0.011;0.019;2.5
1;4772;0;0.031;2.5
1;4773;0;0.051;2.5
1;4774;0;0.066;2.5
1;4775;0;0.069;2.5
1;4776;0;0.069;2.5
1;4777;0;0.076;2.5
1;4778;0;0.089;2.5
1;4779;0;0.110;2.5
1;4780;0.004;0.131;2.5
1;4781;0.047;0.104;2.5
1;4782;0.125;0.070;2.5
1;4783;0.216;0.132;2.5
1;4784;0.297;0.144;2.5
1;4785;0.383;0.157;2.5
1;4786;0.483;0.167;2.5
1;4787;0.567;0.167;2.5
1;4788;0.605;0.158;2.5
1;4789;0.569;0.148;2.5
1;4790;0.497;0.136;2.5
1;4791;0.403;0.122;2.5
1;4792;0.285;0.105;2.5
1;4793;0.160;0.084;2.5
1;4794;0.059;0.066;2.5
1;4795;0.013;0.059;2.5
1;4796;0;0.053;2.5
1;4797;0;0.039;2.5
1;4798;0;0.028;2.5
1;4799;0;0.019;2.5
1;4800;0;0.012;2.5
1;4801;0;0.008;2.5
1;4802;0;0.009;2.5
1;4803;0;0.020;2.5
1;4804;0.007;0.039;2.5
1;4805;0.048;0.043;2.5
1;4806;0.147;0.042;2.5
1;4807;0.296;0.069;2.5
1;4808;0.432;0.078;2.5
1;4809;0.511;0.086;2.5
1;4810;0.480;0.100;2.5
1;4811;0.406;0.122;2.5
1;4812;0.365;0.148;2.5
1;4813;0.284;0.161;2.5
1;4814;0.197;0.130;2.5
1;4815;0.162;0.072;2.5
1;4816;0.128;0.047;2.5
1;4817;0.077;0.049;2.5
1;4818;0.028;0.080;2.5
1;4819;0.007;0.121;2.5
1;4820;0;0.133;2.5
1;4821;0;0.131;2.5
1;4822;0;0.087;2.5
1;4823;0;0.050;2.5
1;4824;0;0.077;2.5
1;4825;0;0.103;2.5
1;4826;0;0.112;2.5
1;4827;0;0.125;2.5
1;4828;0.005;0.129;2.5
1;4829;0.044;0.115;2.5
1;4830;0.141;0.169;2.5
1;4831;0.291;0.212;2.5
1;4832;0.425;0.245;2.5
1;4833;0.517;0.279;2.5
1;4834;0.617;0.300;2.5
1;4835;0.680;0.319;2.5
1;4836;0.674;0.332;2.5
1;4837;0.622;0.337;2.5
1;4838;0.535;0.332;2.5
1;4839;0.438;0.320;2.5
1;4840;0.319;0.295;2.5
1;4841;0.185;0.251;2.5
1;4842;0.064;0.210;2.5
1;4843;0.013;0.209;2.5
1;4844;0;0.233;2.5
1;4845;0;0.250;2.5
1;4846;0;0.239;2.5
1;4847;0;0.215;2.5
1;4848;0;0.157;2.5
1;4849;0;0.132;2.5
1;4850;0;0.099;2.5
1;4851;0;0.071;2.5
1;4852;0.003;0.028;2.5
1;4853;0.034;0.005;2.5
1;4854;0.108;0.005;2.5
1;4855;0.221;0.034;2.5
1;4856;0.251;0.085;2.5
1;4857;0.245;0.130;2.5
1;4858;0.259;0.153;2.5
1;4859;0.460;0.168;2.5
1;4860;0.495;0.189;2.5
1;4861;0.350;0.207;2.5
1;4862;0.241;0.214;2.5
1;4863;0.194;0.217;2.5
1;4864;0.137;0.220;2.5
1;4865;0.073;0.198;2.5
1;4866;0.022;0.125;2.5
1;4867;0.003;0.069;2.5
1;4868;0;0.038;2.5
1;4869;0;0.021;2.5
1;4870;0;0.025;2.5
1;4871;0;0.054;2.5
1;4872;0;0.101;2.5
1;4873;0;0.152;2.5
1;4874;0;0.179;2.5
1;4875;0;0.183;2.5
1;4876;0.005;0.166;2.5
1;4877;0.034;0.097;2.5
1;4878;0.139;0.099;2.5
1;4879;0.305;0.119;2.5
1;4880;0.456;0.120;2.5
1;4881;0.574;0.126;2.5
1;4882;0.653;0.133;2.5
1;4883;0.693;0.135;2.5
1;4884;0.695;0.137;2.5
1;4885;0.661;0.135;2.5
1;4886;0.592;0.132;2.5
1;4887;0.486;0.125;2.5
1;4888;0.349;0.121;2.5
1;4889;0.192;0.117;2.5
1;4890;0.053;0.117;2.5
1;4891;0.013;0.154;2.5
1;4892;0;0.201;2.5
1;4893;0;0.220;2.5
1;4894;0;0.223;2.5
1;4895;0;0.209;2.5
1;4896;0;0.189;2.5
1;4897;0;0.167;2.5
1;4898;0;0.146;2.5
1;4899;0;0.124;2.5
1;4900;0.004;0.097;2.5
1;4901;0.034;0.051;2.5
1;4902;0.140;0.019;2.5
1;4903;0.303;0.012;2.5
1;4904;0.449;0.007;2.5
1;4905;0.560;0.007;2.5
1;4906;0.628;0.009;2.5
1;4907;0.655;0.011;2.5
1;4908;0.639;0.015;2.5
1;4909;0.559;0.020;2.5
1;4910;0.438;0.028;2.5
1;4911;0.333;0.037;2.5
1;4912;0.260;0.048;2.5
1;4913;0.172;0.063;2.5
1;4914;0.057;0.106;2.5
1;4915;0.012;0.211;2.5
1;4916;0;0.317;2.5
1;4917;0;0.355;2.5
1;4918;0;0.346;2.5
1;4919;0;0.314;2.5
1;4920;0;0.285;2.5
1;4921;0;0.261;2.5
1;4922;0;0.239;2.5
1;4923;0;0.222;2.5
1;4924;0.004;0.194;2.5
1;4925;0.036;0.107;2.5
1;4926;0.135;0.043;2.5
1;4927;0.288;0.035;2.5
1;4928;0.426;0.027;2.5
1;4929;0.541;0.024;2.5
1;4930;0.612;0.022;2.5
1;4931;0.634;0.025;2.5
1;4932;0.632;0.035;2.5
1;4933;0.580;0.057;2.5
1;4934;0.505;0.093;2.5
1;4935;0.432;0.144;2.5
1;4936;0.324;0.202;2.5
1;4937;0.180;0.262;2.5
1;4938;0.056;0.311;2.5
1;4939;0.011;0.328;2.5
1;4940;0;0.337;2.5
1;4941;0;0.305;2.5
1;4942;0;0.274;2.5
1;4943;0;0.249;2.5
1;4944;0;0.233;2.5
1;4945;0;0.233;2.5
1;4946;0;0.239;2.5
1;4947;0;0.249;2.5
1;4948;0.003;0.236;2.5
1;4949;0.034;0.173;2.5
1;4950;0.134;0.194;2.5
1;4951;0.296;0.240;2.5
1;4952;0.447;0.285;2.5
1;4953;0.565;0.291;2.5
1;4954;0.645;0.279;2.5
1;4955;0.686;0.264;2.5
1;4956;0.690;0.244;2.5
1;4957;0.657;0.233;2.5
1;4958;0.587;0.245;2.5
1;4959;0.481;0.276;2.5
1;4960;0.343;0.313;2.5
1;4961;0.187;0.345;2.5
1;4962;0.053;0.364;2.5
1;4963;0.011;0.391;2.5
1;4964;0;0.401;2.5
1;4965;0;0.382;2.5
1;4966;0;0.384;2.5
1;4967;0;0.388;2.5
1;4968;0;0.386;2.5
1;4969;0;0.364;2.5
1;4970;0;0.332;2.5
1;4971;0;0.305;2.5
1;4972;0.003;0.282;2.5
1;4973;0.036;0.226;2.5
1;4974;0.134;0.277;2.5
1;4975;0.294;0.295;2.5
1;4976;0.444;0.323;2.5
1;4977;0.561;0.337;2.5
1;4978;0.639;0.341;2.5
1;4979;0.676;0.352;2.5
1;4980;0.673;0.362;2.5
1;4981;0.626;0.367;2.5
1;4982;0.548;0.371;2.5
1;4983;0.439;0.372;2.5
1;4984;0.304;0.367;2.5
1;4985;0.157;0.358;2.5
1;4986;0.056;0.333;2.5
1;4987;0.009;0.321;2.5
1;4988;0;0.373;2.5
1;4989;0;0.374;2.5
1;4990;0;0.361;2.5
1;4991;0;0.355;2.5
1;4992;0;0.369;2.5
1;4993;0;0.355;2.5
1;4994;0;0.364;2.5
1;4995;0;0.343;2.5
1;4996;0.001;0.286;2.5
1;4997;0.040;0.234;2.5
1;4998;0.119;0.234;2.5
1;4999;0.242;0.220;2.5
1;5000;0.388;0.204;2.5
1;5001;0.475;0.192;2.5
1;5002;0.489;0.179;2.5
1;5003;0.429;0.175;2.5
1;5004;0.364;0.183;2.5
1;5005;0.306;0.201;2.5
1;5006;0.254;0.225;2.5
1;5007;0.238;0.233;2.5
1;5008;0.177;0.223;2.5
1;5009;0.119;0.195;2.5
1;5010;0.052;0.154;2.5
1;5011;0.007;0.140;2.5
1;5012;0;0.155;2.5
1;5013;0;0.186;2.5
1;5014;0;0.224;2.5
1;5015;0;0.233;2.5
1;5016;0;0.205;2.5
1;5017;0;0.168;2.5
1;5018;0;0.138;2.5
1;5019;0;0.121;2.5
1;5020;0.001;0.102;2.5
1;5021;0.027;0.062;2.5
1;5022;0.063;0.023;2.5
1;5023;0.095;0.012;2.5
1;5024;0.116;0.013;2.5
1;5025;0.132;0.017;2.5
1;5026;0.150;0.023;2.5
1;5027;0.206;0.037;2.5
1;5028;0.261;0.047;2.5
1;5029;0.313;0.054;2.5
1;5030;0.283;0.062;2.5
1;5031;0.227;0.076;2.5
1;5032;0.162;0.092;2.5
1;5033;0.080;0.101;2.5
1;5034;0.031;0.103;2.5
1;5035;0.002;0.109;2.5
1;5036;0;0.115;2.5
1;5037;0;0.112;2.5
1;5038;0;0.103;2.5
1;5039;0;0.102;2.5
1;5040;0;0.110;2.5
1;5041;0;0.117;2.5
1;5042;0;0.123;2.5
1;5043;0;0.132;2.5
1;5044;0;0.136;2.5
1;5045;0.030;0.120;2.5
1;5046;0.094;0.108;2.5
1;5047;0.182;0.104;2.5
1;5048;0.280;0.101;2.5
1;5049;0.378;0.101;2.5
1;5050;0.440;0.105;2.5
1;5051;0.478;0.108;2.5
1;5052;0.519;0.109;2.5
1;5053;0.497;0.109;2.5
1;5054;0.442;0.109;2.5
1;5055;0.359;0.106;2.5
1;5056;0.252;0.105;2.5
1;5057;0.136;0.106;2.5
1;5058;0.048;0.105;2.5
1;5059;0.004;0.106;2.5
1;5060;0;0.120;2.5
1;5061;0;0.124;2.5
1;5062;0;0.123;2.5
1;5063;0;0.120;2.5
1;5064;0;0.117;2.5
1;5065;0;0.121;2.5
1;5066;0;0.112;2.5
1;5067;0;0.094;2.5
1;5068;0.001;0.066;2.5
1;5069;0.041;0.030;2.5
1;5070;0.129;0.007;2.5
1;5071;0.264;0.011;2.5
1;5072;0.404;0.017;2.5
1;5073;0.505;0.026;2.5
1;5074;0.582;0.023;2.5
1;5075;0.584;0.019;2.5
1;5076;0.363;0.028;2.5
1;5077;0.187;0.046;2.5
1;5078;0.131;0.053;2.5
1;5079;0.126;0.046;2.5
1;5080;0.121;0.035;2.5
1;5081;0.077;0.028;2.5
1;5082;0.034;0.026;2.5
1;5083;0.002;0.030;2.5
1;5084;0;0.045;2.5
1;5085;0;0.055;2.5
1;5086;0;0.058;2.5
1;5087;0;0.064;2.5
1;5088;0;0.072;2.5
1;5089;0;0.078;2.5
1;5090;0;0.078;2.5
1;5091;0;0.070;2.5
1;5092;0;0.062;2.5
1;5093;0.038;0.047;2.5
1;5094;0.127;0.037;2.5
1;5095;0.272;0.046;2.5
1;5096;0.398;0.060;2.5
1;5097;0.489;0.068;2.5
1;5098;0.552;0.075;2.5
1;5099;0.584;0.080;2.5
1;5100;0.572;0.082;2.5
1;5101;0.442;0.077;2.5
1;5102;0.346;0.068;2.5
1;5103;0.327;0.055;2.5
1;5104;0.221;0.047;2.5
1;5105;0.109;0.046;2.5
1;5106;0.045;0.043;2.5
1;5107;0.004;0.051;2.5
1;5108;0;0.073;2.5
1;5109;0;0.090;2.5
1;5110;0;0.095;2.5
1;5111;0;0.091;2.5
1;5112;0;0.083;2.5
1;5113;0;0.071;2.5
1;5114;0;0.060;2.5
1;5115;0;0.048;2.5
1;5116;0;0.039;2.5
1;5117;0.038;0.024;2.5
1;5118;0.126;0.009;2.5
1;5119;0.267;0.003;2.5
1;5120;0.408;0.002;2.5
1;5121;0.503;0.003;2.5
1;5122;0.486;0.008;2.5
1;5123;0.431;0.017;2.5
1;5124;0.406;0.028;2.5
1;5125;0.387;0.035;2.5
1;5126;0.293;0.037;2.5
1;5127;0.232;0.040;2.5
1;5128;0.173;0.046;2.5
1;5129;0.111;0.057;2.5
1;5130;0.042;0.067;2.5
1;5131;0.003;0.083;2.5
1;5132;0;0.101;2.5
1;5133;0;0.106;2.5
1;5134;0;0.094;2.5
1;5135;0;0.082;2.5
1;5136;0;0.079;2.5
1;5137;0;0.084;2.5
1;5138;0;0.084;2.5
1;5139;0;0.075;2.5
1;5140;0;0.066;2.5
1;5141;0.032;0.045;2.5
1;5142;0.118;0.025;2.5
1;5143;0.272;0.034;2.5
1;5144;0.434;0.035;2.5
1;5145;0.554;0.037;2.5
1;5146;0.621;0.045;2.5
1;5147;0.650;0.054;2.5
1;5148;0.638;0.060;2.5
1;5149;0.584;0.063;2.5
1;5150;0.497;0.064;2.5
1;5151;0.386;0.064;2.5
1;5152;0.274;0.066;2.5
1;5153;0.142;0.068;2.5
1;5154;0.050;0.067;2.5
1;5155;0.004;0.075;2.5
1;5156;0;0.076;2.5
1;5157;0;0.063;2.5
1;5158;0;0.045;2.5
1;5159;0;0.024;2.5
1;5160;0;0.010;2.5
1;5161;0;0.005;2.5
1;5162;0;0.008;2.5
1;5163;0;0.028;2.5
1;5164;0;0.055;2.5
1;5165;0.033;0.062;2.5
1;5166;0.120;0.054;2.5
1;5167;0.237;0.068;2.5
1;5168;0.417;0.072;2.5
1;5169;0.542;0.082;2.5
1;5170;0.583;0.102;2.5
1;5171;0.574;0.120;2.5
1;5172;0.592;0.129;2.5
1;5173;0.608;0.127;2.5
1;5174;0.534;0.124;2.5
1;5175;0.431;0.120;2.5
1;5176;0.281;0.118;2.5
1;5177;0.127;0.115;2.5
1;5178;0.046;0.106;2.5
1;5179;0.003;0.103;2.5
1;5180;0;0.100;2.5
1;5181;0;0.084;2.5
1;5182;0;0.061;2.5
1;5183;0;0.035;2.5
1;5184;0;0.021;2.5
1;5185;0;0.021;2.5
1;5186;0;0.031;2.5
1;5187;0;0.049;2.5
1;5188;0;0.071;2.5
1;5189;0.037;0.074;2.5
1;5190;0.116;0.045;2.5
1;5191;0.168;0.045;2.5
1;5192;0.187;0.055;2.5
1;5193;0.229;0.067;2.5
1;5194;0.263;0.080;2.5
1;5195;0.285;0.093;2.5
1;5196;0.301;0.099;2.5
1;5197;0.334;0.092;2.5
1;5198;0.324;0.081;2.5
1;5199;0.252;0.077;2.5
1;5200;0.155;0.076;2.5
1;5201;0.082;0.067;2.5
1;5202;0.035;0.065;2.5
1;5203;0.002;0.095;2.5
1;5204;0;0.135;2.5
1;5205;0;0.167;2.5
1;5206;0;0.192;2.5
1;5207;0;0.218;2.5
1;5208;0;0.245;2.5
1;5209;0;0.257;2.5
1;5210;0;0.249;2.5
1;5211;0;0.226;2.5
1;5212;0;0.180;2.5
1;5213;0.031;0.096;2.5
1;5214;0.114;0.036;2.5
1;5215;0.246;0.046;2.5
1;5216;0.369;0.079;2.5
1;5217;0.516;0.135;2.5
1;5218;0.577;0.205;2.5
1;5219;0.568;0.273;2.5
1;5220;0.602;0.310;2.5
1;5221;0.478;0.334;2.5
1;5222;0.322;0.349;2.5
1;5223;0.230;0.340;2.5
1;5224;0.200;0.284;2.5
1;5225;0.098;0.207;2.5
1;5226;0.026;0.135;2.5
1;5227;0;0.111;2.5
1;5228;0;0.099;2.5
1;5229;0;0.085;2.5
1;5230;0;0.073;2.5
1;5231;0;0.055;2.5
1;5232;0;0.051;2.5
1;5233;0;0.049;2.5
1;5234;0;0.051;2.5
1;5235;0;0.048;2.5
1;5236;0;0.035;2.5
1;5237;0.017;0.025;2.5
1;5238;0.063;0.023;2.5
1;5239;0.116;0.031;2.5
1;5240;0.154;0.051;2.5
1;5241;0.196;0.063;2.5
1;5242;0.233;0.069;2.5
1;5243;0.273;0.081;2.5
1;5244;0.277;0.093;2.5
1;5245;0.227;0.111;2.5
1;5246;0.218;0.157;2.5
1;5247;0.148;0.201;2.5
1;5248;0.077;0.201;2.5
1;5249;0.040;0.178;2.5
1;5250;0.012;0.170;2.5
1;5251;0;0.182;2.5
1;5252;0;0.205;2.5
1;5253;0;0.223;2.5
1;5254;0;0.238;2.5
1;5255;0;0.236;2.5
1;5256;0;0.225;2.5
1;5257;0;0.208;2.5
1;5258;0;0.191;2.5
1;5259;0;0.188;2.5
1;5260;0;0.192;2.5
1;5261;0.028;0.157;2.5
1;5262;0.120;0.086;2.5
1;5263;0.283;0.172;2.5
1;5264;0.439;0.257;2.5
1;5265;0.564;0.329;2.5
1;5266;0.642;0.379;2.5
1;5267;0.686;0.428;2.5
1;5268;0.685;0.472;2.5
1;5269;0.643;0.494;2.5
1;5270;0.561;0.505;2.5
1;5271;0.433;0.507;2.5
1;5272;0.278;0.491;2.5
1;5273;0.134;0.433;2.5
1;5274;0.042;0.314;2.5
1;5275;0.002;0.228;2.5
1;5276;0;0.197;2.5
1;5277;0;0.176;2.5
1;5278;0;0.168;2.5
1;5279;0;0.157;2.5
1;5280;0;0.142;2.5
1;5281;0;0.123;2.5
1;5282;0;0.095;2.5
1;5283;0;0.066;2.5
1;5284;0;0.049;2.5
1;5285;0.028;0.034;2.5
1;5286;0.123;0.017;2.5
1;5287;0.292;0.028;2.5
1;5288;0.437;0.046;2.5
1;5289;0.517;0.053;2.5
1;5290;0.539;0.052;2.5
1;5291;0.515;0.055;2.5
1;5292;0.554;0.054;2.5
1;5293;0.556;0.041;2.5
1;5294;0.511;0.023;2.5
1;5295;0.388;0.010;2.5
1;5296;0.264;0.010;2.5
1;5297;0.088;0.027;2.5
1;5298;0.017;0.082;2.5
1;5299;0;0.194;2.5
1;5300;0;0.313;2.5
1;5301;0;0.310;2.5
1;5302;0;0.294;2.5
1;5303;0;0.284;2.5
1;5304;0;0.240;2.5
1;5305;0;0.233;2.5
1;5306;0;0.216;2.5
1;5307;0;0.243;2.5
1;5308;0;0.225;2.5
1;5309;0.021;0.180;2.5
1;5310;0.081;0.120;2.5
1;5311;0.243;0.211;2.5
1;5312;0.415;0.325;2.5
1;5313;0.442;0.425;2.5
1;5314;0.270;0.453;2.5
1;5315;0.315;0.450;2.5
1;5316;0.475;0.454;2.5
1;5317;0.544;0.458;2.5
1;5318;0.422;0.484;2.5
1;5319;0.350;0.493;2.5
1;5320;0.217;0.494;2.5
1;5321;0.152;0.483;2.5
1;5322;0.041;0.393;2.5
1;5323;0.001;0.340;2.5
1;5324;0;0.338;2.5
1;5325;0;0.338;2.5
1;5326;0;0.351;2.5
1;5327;0;0.344;2.5
1;5328;0;0.332;2.5
1;5329;0;0.318;2.5
1;5330;0;0.321;2.5
1;5331;0;0.316;2.5
1;5332;0;0.277;2.5
1;5333;0.026;0.228;2.5
1;5334;0.121;0.155;2.5
1;5335;0.209;0.183;2.5
1;5336;0.332;0.251;2.5
1;5337;0.423;0.277;2.5
1;5338;0.556;0.296;2.5
1;5339;0.586;0.299;2.5
1;5340;0.612;0.279;2.5
1;5341;0.614;0.253;2.5
1;5342;0.502;0.216;2.5
1;5343;0.402;0.179;2.5
1;5344;0.316;0.155;2.5
1;5345;0.130;0.112;2.5
1;5346;0.023;0.084;2.5
1;5347;0;0.101;2.5
1;5348;0;0.137;2.5
1;5349;0;0.106;2.5
1;5350;0;0.068;2.5
1;5351;0;0.048;2.5
1;5352;0;0.047;2.5
1;5353;0;0.051;2.5
1;5354;0;0.075;2.5
1;5355;0;0.106;2.5
1;5356;0;0.125;2.5
1;5357;0.010;0.123;2.5
1;5358;0.070;0.108;2.5
1;5359;0.203;0.144;2.5
1;5360;0.356;0.208;2.5
1;5361;0.280;0.210;2.5
1;5362;0.494;0.206;2.5
1;5363;0.680;0.184;2.5
1;5364;0.674;0.168;2.5
1;5365;0.473;0.164;2.5
1;5366;0.316;0.139;2.5
1;5367;0.232;0.108;2.5
1;5368;0.161;0.099;2.5
1;5369;0.096;0.093;2.5
1;5370;0.038;0.087;2.5
1;5371;0;0.123;2.5
1;5372;0;0.138;2.5
1;5373;0;0.119;2.5
1;5374;0;0.123;2.5
1;5375;0;0.132;2.5
1;5376;0;0.154;2.5
1;5377;0;0.160;2.5
1;5378;0;0.153;2.5
1;5379;0;0.164;2.5
1;5380;0;0.171;2.5
1;5381;0.019;0.163;2.5
1;5382;0.102;0.205;2.5
1;5383;0.254;0.238;2.5
1;5384;0.417;0.264;2.5
1;5385;0.525;0.295;2.5
1;5386;0.593;0.340;2.5
1;5387;0.599;0.394;2.5
1;5388;0.508;0.450;2.5
1;5389;0.460;0.495;2.5
1;5390;0.469;0.517;2.5
1;5391;0.392;0.519;2.5
1;5392;0.279;0.486;2.5
1;5393;0.144;0.430;2.5
1;5394;0.036;0.334;2.5
1;5395;0;0.245;2.5
1;5396;0;0.204;2.5
1;5397;0;0.172;2.5
1;5398;0;0.155;2.5
1;5399;0;0.155;2.5
1;5400;0;0.168;2.5
1;5401;0;0.177;2.5
1;5402;0;0.177;2.5
1;5403;0;0.178;2.5
1;5404;0;0.169;2.5
1;5405;0.021;0.127;2.5
1;5406;0.106;0.107;2.5
1;5407;0.259;0.157;2.5
1;5408;0.419;0.180;2.5
1;5409;0.537;0.202;2.5
1;5410;0.632;0.208;2.5
1;5411;0.679;0.218;2.5
1;5412;0.684;0.230;2.5
1;5413;0.647;0.236;2.5
1;5414;0.574;0.233;2.5
1;5415;0.461;0.215;2.5
1;5416;0.315;0.185;2.5
1;5417;0.157;0.147;2.5
1;5418;0.034;0.105;2.5
1;5419;0;0.070;2.5
1;5420;0;0.036;2.5
1;5421;0;0.018;2.5
1;5422;0;0.018;2.5
1;5423;0;0.046;2.5
1;5424;0;0.107;2.5
1;5425;0;0.186;2.5
1;5426;0;0.258;2.5
1;5427;0;0.295;2.5
1;5428;0;0.298;2.5
1;5429;0.020;0.266;2.5
1;5430;0.103;0.187;2.5
1;5431;0.221;0.180;2.5
1;5432;0.252;0.345;2.5
1;5433;0.267;0.366;2.5
1;5434;0.296;0.346;2.5
1;5435;0.299;0.347;2.5
1;5436;0.255;0.369;2.5
1;5437;0.216;0.397;2.5
1;5438;0.189;0.413;2.5
1;5439;0.137;0.405;2.5
1;5440;0.097;0.374;2.5
1;5441;0.060;0.300;2.5
1;5442;0.019;0.237;2.5
1;5443;0;0.255;2.5
1;5444;0;0.284;2.5
1;5445;0;0.278;2.5
1;5446;0;0.259;2.5
1;5447;0;0.233;2.5
1;5448;0;0.225;2.5
1;5449;0;0.223;2.5
1;5450;0;0.225;2.5
1;5451;0;0.231;2.5
1;5452;0;0.238;2.5
1;5453;0.020;0.218;2.5
1;5454;0.110;0.192;2.5
1;5455;0.268;0.250;2.5
1;5456;0.422;0.270;2.5
1;5457;0.547;0.267;2.5
1;5458;0.630;0.264;2.5
1;5459;0.665;0.255;2.5
1;5460;0.667;0.231;2.5
1;5461;0.605;0.204;2.5
1;5462;0.535;0.180;2.5
1;5463;0.431;0.150;2.5
1;5464;0.266;0.114;2.5
1;5465;0.117;0.081;2.5
1;5466;0.026;0.047;2.5
1;5467;0;0.019;2.5
1;5468;0;0.005;2.5
1;5469;0;0.013;2.5
1;5470;0;0.055;2.5
1;5471;0;0.129;2.5
1;5472;0;0.214;2.5
1;5473;0;0.275;2.5
1;5474;0;0.289;2.5
1;5475;0;0.278;2.5
1;5476;0;0.253;2.5
1;5477;0.014;0.218;2.5
1;5478;0.050;0.172;2.5
1;5479;0.057;0.151;2.5
1;5480;0.102;0.158;2.5
1;5481;0.189;0.156;2.5
1;5482;0.405;0.227;2.5
1;5483;0.507;0.315;2.5
1;5484;0.405;0.387;2.5
1;5485;0.342;0.414;2.5
1;5486;0.270;0.400;2.5
1;5487;0.191;0.376;2.5
1;5488;0.154;0.364;2.5
1;5489;0.062;0.285;2.5
1;5490;0.019;0.221;2.5
1;5491;0;0.220;2.5
1;5492;0;0.242;2.5
1;5493;0;0.260;2.5
1;5494;0;0.256;2.5
1;5495;0;0.243;2.5
1;5496;0;0.231;2.5
1;5497;0;0.227;2.5
1;5498;0;0.227;2.5
1;5499;0;0.199;2.5
1;5500;0;0.167;2.5
1;5501;0.003;0.138;2.5
1;5502;0.012;0.102;2.5
1;5503;0.039;0.079;2.5
1;5504;0.090;0.094;2.5
1;5505;0.154;0.134;2.5
1;5506;0.228;0.189;2.5
1;5507;0.362;0.231;2.5
1;5508;0.463;0.264;2.5
1;5509;0.476;0.280;2.5
1;5510;0.490;0.320;2.5
1;5511;0.358;0.379;2.5
1;5512;0.192;0.404;2.5
1;5513;0.115;0.347;2.5
1;5514;0.029;0.325;2.5
1;5515;0;0.299;2.5
1;5516;0;0.261;2.5
1;5517;0;0.237;2.5
1;5518;0;0.214;2.5
1;5519;0;0.164;2.5
1;5520;0;0.118;2.5
1;5521;0;0.079;2.5
1;5522;0;0.102;2.5
1;5523;0;0.111;2.5
1;5524;0;0.087;2.5
1;5525;0.003;0.087;2.5
1;5526;0.028;0.106;2.5
1;5527;0.102;0.107;2.5
1;5528;0.187;0.121;2.5
1;5529;0.229;0.160;2.5
1;5530;0.451;0.221;2.5
1;5531;0.693;0.271;2.5
1;5532;0.706;0.307;2.5
1;5533;0.670;0.324;2.5
1;5534;0.583;0.313;2.5
1;5535;0.470;0.283;2.5
1;5536;0.316;0.243;2.5
1;5537;0.149;0.192;2.5
1;5538;0.028;0.136;2.5
1;5539;0;0.111;2.5
1;5540;0;0.090;2.5
1;5541;0;0.070;2.5
1;5542;0;0.051;2.5
1;5543;0;0.033;2.5
1;5544;0;0.016;2.5
1;5545;0;0.012;2.5
1;5546;0;0.017;2.5
1;5547;0;0.022;2.5
1;5548;0;0.028;2.5
1;5549;0.016;0.042;2.5
1;5550;0.102;0.034;2.5
1;5551;0.244;0.025;2.5
1;5552;0.368;0.048;2.5
1;5553;0.448;0.061;2.5
1;5554;0.563;0.072;2.5
1;5555;0.536;0.085;2.5
1;5556;0.353;0.086;2.5
1;5557;0.270;0.084;2.5
1;5558;0.187;0.084;2.5
1;5559;0.116;0.088;2.5
1;5560;0.068;0.107;2.5
1;5561;0.032;0.134;2.5
1;5562;0.006;0.167;2.5
1;5563;0;0.183;2.5
1;5564;0;0.177;2.5
1;5565;0;0.158;2.5
1;5566;0;0.135;2.5
1;5567;0;0.122;2.5
1;5568;0;0.120;2.5
1;5569;0;0.126;2.5
1;5570;0;0.136;2.5
1;5571;0;0.144;2.5
1;5572;0;0.134;2.5
1;5573;0.013;0.118;2.5
1;5574;0.099;0.068;2.5
1;5575;0.263;0.073;2.5
1;5576;0.424;0.095;2.5
1;5577;0.545;0.106;2.5
1;5578;0.624;0.119;2.5
1;5579;0.669;0.129;2.5
1;5580;0.673;0.128;2.5
1;5581;0.637;0.115;2.5
1;5582;0.564;0.093;2.5
1;5583;0.452;0.071;2.5
1;5584;0.308;0.054;2.5
1;5585;0.142;0.046;2.5
1;5586;0.024;0.052;2.5
1;5587;0;0.060;2.5
1;5588;0;0.064;2.5
1;5589;0;0.070;2.5
1;5590;0;0.085;2.5
1;5591;0;0.088;2.5
1;5592;0;0.091;2.5
1;5593;0;0.094;2.5
1;5594;0;0.089;2.5
1;5595;0;0.072;2.5
1;5596;0;0.053;2.5
1;5597;0.011;0.044;2.5
1;5598;0.099;0.034;2.5
1;5599;0.268;0.022;2.5
1;5600;0.429;0.046;2.5
1;5601;0.557;0.067;2.5
1;5602;0.643;0.079;2.5
1;5603;0.687;0.077;2.5
1;5604;0.690;0.066;2.5
1;5605;0.652;0.055;2.5
1;5606;0.573;0.046;2.5
1;5607;0.455;0.041;2.5
1;5608;0.302;0.038;2.5
1;5609;0.138;0.037;2.5
1;5610;0.022;0.047;2.5
1;5611;0;0.084;2.5
1;5612;0;0.149;2.5
1;5613;0;0.220;2.5
1;5614;0;0.278;2.5
1;5615;0;0.300;2.5
1;5616;0;0.289;2.5
1;5617;0;0.264;2.5
1;5618;0;0.228;2.5
1;5619;0;0.192;2.5
1;5620;0;0.150;2.5
1;5621;0.010;0.108;2.5
1;5622;0.097;0.054;2.5
1;5623;0.266;0.023;2.5
1;5624;0.426;0.045;2.5
1;5625;0.552;0.046;2.5
1;5626;0.638;0.038;2.5
1;5627;0.681;0.027;2.5
1;5628;0.684;0.017;2.5
1;5629;0.647;0.010;2.5
1;5630;0.570;0.006;2.5
1;5631;0.453;0.005;2.5
1;5632;0.301;0.009;2.5
1;5633;0.136;0.018;2.5
1;5634;0.020;0.046;2.5
1;5635;0;0.090;2.5
1;5636;0;0.134;2.5
1;5637;0;0.157;2.5
1;5638;0;0.156;2.5
1;5639;0;0.139;2.5
1;5640;0;0.120;2.5
1;5641;0;0.101;2.5
1;5642;0;0.083;2.5
1;5643;0;0.065;2.5
1;5644;0;0.055;2.5
1;5645;0.009;0.059;2.5
1;5646;0.095;0.052;2.5
1;5647;0.264;0.035;2.5
1;5648;0.423;0.096;2.5
1;5649;0.548;0.133;2.5
1;5650;0.634;0.142;2.5
1;5651;0.676;0.144;2.5
1;5652;0.678;0.147;2.5
1;5653;0.639;0.155;2.5
1;5654;0.561;0.167;2.5
1;5655;0.444;0.186;2.5
1;5656;0.294;0.214;2.5
1;5657;0.132;0.235;2.5
1;5658;0.019;0.274;2.5
1;5659;0;0.364;2.5
1;5660;0;0.400;2.5
1;5661;0;0.383;2.5
1;5662;0;0.376;2.5
1;5663;0;0.355;2.5
1;5664;0;0.336;2.5
1;5665;0;0.328;2.5
1;5666;0;0.315;2.5
1;5667;0;0.303;2.5
1;5668;0;0.285;2.5
1;5669;0.008;0.261;2.5
1;5670;0.081;0.192;2.5
1;5671;0.209;0.189;2.5
1;5672;0.337;0.257;2.5
1;5673;0.446;0.332;2.5
1;5674;0.505;0.339;2.5
1;5675;0.537;0.302;2.5
1;5676;0.536;0.250;2.5
1;5677;0.478;0.201;2.5
1;5678;0.392;0.164;2.5
1;5679;0.293;0.144;2.5
1;5680;0.184;0.148;2.5
1;5681;0.085;0.178;2.5
1;5682;0.016;0.268;2.5
1;5683;0;0.372;2.5
1;5684;0;0.379;2.5
1;5685;0;0.341;2.5
1;5686;0;0.292;2.5
1;5687;0;0.259;2.5
1;5688;0;0.234;2.5
1;5689;0;0.213;2.5
1;5690;0;0.192;2.5
1;5691;0;0.171;2.5
1;5692;0;0.159;2.5
1;5693;0.007;0.154;2.5
1;5694;0.085;0.090;2.5
1;5695;0.228;0.054;2.5
1;5696;0.374;0.097;2.5
1;5697;0.497;0.149;2.5
1;5698;0.535;0.144;2.5
1;5699;0.615;0.125;2.5
1;5700;0.589;0.110;2.5
1;5701;0.484;0.109;2.5
1;5702;0.341;0.124;2.5
1;5703;0.234;0.151;2.5
1;5704;0.144;0.179;2.5
1;5705;0.071;0.179;2.5
1;5706;0.013;0.198;2.5
1;5707;0;0.229;2.5
1;5708;0;0.225;2.5
1;5709;0;0.210;2.5
1;5710;0;0.206;2.5
1;5711;0;0.200;2.5
1;5712;0;0.178;2.5
1;5713;0;0.150;2.5
1;5714;0;0.124;2.5
1;5715;0;0.106;2.5
1;5716;0;0.092;2.5
1;5717;0.006;0.088;2.5
1;5718;0.078;0.064;2.5
1;5719;0.213;0.047;2.5
1;5720;0.352;0.085;2.5
1;5721;0.458;0.168;2.5
1;5722;0.528;0.212;2.5
1;5723;0.564;0.214;2.5
1;5724;0.543;0.204;2.5
1;5725;0.460;0.189;2.5
1;5726;0.305;0.178;2.5
1;5727;0.204;0.177;2.5
1;5728;0.108;0.179;2.5
1;5729;0.045;0.189;2.5
1;5730;0.006;0.239;2.5
1;5731;0;0.270;2.5
1;5732;0;0.259;2.5
1;5733;0;0.241;2.5
1;5734;0;0.223;2.5
1;5735;0;0.203;2.5
1;5736;0;0.183;2.5
1;5737;0;0.167;2.5
1;5738;0;0.158;2.5
1;5739;0;0.155;2.5
1;5740;0;0.152;2.5
1;5741;0.005;0.137;2.5
1;5742;0.069;0.080;2.5
1;5743;0.200;0.048;2.5
1;5744;0.339;0.059;2.5
1;5745;0.430;0.087;2.5
1;5746;0.520;0.100;2.5
1;5747;0.519;0.108;2.5
1;5748;0.353;0.121;2.5
1;5749;0.173;0.132;2.5
1;5750;0.119;0.125;2.5
1;5751;0.115;0.108;2.5
1;5752;0.125;0.094;2.5
1;5753;0.087;0.080;2.5
1;5754;0.014;0.085;2.5
1;5755;0;0.096;2.5
1;5756;0;0.112;2.5
1;5757;0;0.131;2.5
1;5758;0;0.138;2.5
1;5759;0;0.131;2.5
1;5760;0;0.118;2.5
1;5761;0;0.105;2.5
1;5762;0;0.095;2.5
1;5763;0;0.083;2.5
1;5764;0;0.084;2.5
1;5765;0.002;0.087;2.5
1;5766;0.057;0.058;2.5
1;5767;0.169;0.039;2.5
1;5768;0.285;0.057;2.5
1;5769;0.366;0.062;2.5
1;5770;0.382;0.078;2.5
1;5771;0.431;0.093;2.5
1;5772;0.508;0.113;2.5
1;5773;0.518;0.130;2.5
1;5774;0.446;0.127;2.5
1;5775;0.341;0.115;2.5
1;5776;0.201;0.106;2.5
1;5777;0.092;0.112;2.5
1;5778;0.013;0.153;2.5
1;5779;0;0.200;2.5
1;5780;0;0.182;2.5
1;5781;0;0.145;2.5
1;5782;0;0.124;2.5
1;5783;0;0.113;2.5
1;5784;0;0.105;2.5
1;5785;0;0.095;2.5
1;5786;0;0.079;2.5
1;5787;0;0.062;2.5
1;5788;0;0.055;2.5
1;5789;0.002;0.055;2.5
1;5790;0.057;0.038;2.5
1;5791;0.153;0.023;2.5
1;5792;0.236;0.013;2.5
1;5793;0.341;0.008;2.5
1;5794;0.435;0.006;2.5
1;5795;0.482;0.006;2.5
1;5796;0.530;0.008;2.5
1;5797;0.488;0.011;2.5
1;5798;0.412;0.011;2.5
1;5799;0.313;0.008;2.5
1;5800;0.168;0.005;2.5
1;5801;0.072;0.007;2.5
1;5802;0.008;0.034;2.5
1;5803;0;0.089;2.5
1;5804;0;0.133;2.5
1;5805;0;0.153;2.5
1;5806;0;0.143;2.5
1;5807;0;0.121;2.5
1;5808;0;0.102;2.5
1;5809;0;0.089;2.5
1;5810;0;0.084;2.5
1;5811;0;0.089;2.5
1;5812;0;0.096;2.5
1;5813;0.003;0.104;2.5
1;5814;0.071;0.079;2.5
1;5815;0.217;0.052;2.5
1;5816;0.371;0.086;2.5
1;5817;0.494;0.126;2.5
1;5818;0.579;0.147;2.5
1;5819;0.623;0.159;2.5
1;5820;0.628;0.162;2.5
1;5821;0.591;0.161;2.5
1;5822;0.515;0.160;2.5
1;5823;0.401;0.164;2.5
1;5824;0.253;0.185;2.5
1;5825;0.103;0.214;2.5
1;5826;0.010;0.310;2.5
1;5827;0;0.428;2.5
1;5828;0;0.464;2.5
1;5829;0;0.449;2.5
1;5830;0;0.425;2.5
1;5831;0;0.398;2.5
1;5832;0;0.362;2.5
1;5833;0;0.316;2.5
1;5834;0;0.251;2.5
1;5835;0;0.209;2.5
1;5836;0;0.192;2.5
1;5837;0.002;0.184;2.5
1;5838;0.072;0.118;2.5
1;5839;0.219;0.100;2.5
1;5840;0.370;0.135;2.5
1;5841;0.493;0.156;2.5
1;5842;0.550;0.182;2.5
1;5843;0.544;0.225;2.5
1;5844;0.539;0.267;2.5
1;5845;0.526;0.285;2.5
1;5846;0.377;0.294;2.5
1;5847;0.190;0.316;2.5
1;5848;0.095;0.343;2.5
1;5849;0.030;0.358;2.5
1;5850;0.001;0.352;2.5
1;5851;0;0.317;2.5
1;5852;0;0.300;2.5
1;5853;0;0.259;2.5
1;5854;0;0.206;2.5
1;5855;0;0.167;2.5
1;5856;0;0.146;2.5
1;5857;0;0.149;2.5
1;5858;0;0.160;2.5
1;5859;0;0.162;2.5
1;5860;0;0.163;2.5
1;5861;0.002;0.154;2.5
1;5862;0.079;0.118;2.5
1;5863;0.248;0.212;2.5
1;5864;0.421;0.254;2.5
1;5865;0.553;0.255;2.5
1;5866;0.648;0.242;2.5
1;5867;0.700;0.241;2.5
1;5868;0.704;0.248;2.5
1;5869;0.654;0.255;2.5
1;5870;0.562;0.258;2.5
1;5871;0.429;0.254;2.5
1;5872;0.263;0.240;2.5
1;5873;0.100;0.207;2.5
1;5874;0.008;0.170;2.5
1;5875;0;0.170;2.5
1;5876;0;0.154;2.5
1;5877;0;0.122;2.5
1;5878;0;0.088;2.5
1;5879;0;0.054;2.5
1;5880;0;0.037;2.5
1;5881;0;0.046;2.5
1;5882;0;0.088;2.5
1;5883;0;0.149;2.5
1;5884;0;0.194;2.5
1;5885;0.002;0.225;2.5
1;5886;0.075;0.178;2.5
1;5887;0.197;0.161;2.5
1;5888;0.247;0.291;2.5
1;5889;0.280;0.362;2.5
1;5890;0.311;0.377;2.5
1;5891;0.333;0.406;2.5
1;5892;0.364;0.438;2.5
1;5893;0.362;0.457;2.5
1;5894;0.330;0.448;2.5
1;5895;0.303;0.413;2.5
1;5896;0.191;0.374;2.5
1;5897;0.075;0.319;2.5
1;5898;0.007;0.240;2.5
1;5899;0;0.234;2.5
1;5900;0;0.229;2.5
1;5901;0;0.228;2.5
1;5902;0;0.217;2.5
1;5903;0;0.194;2.5
1;5904;0;0.175;2.5
1;5905;0;0.162;2.5
1;5906;0;0.156;2.5
1;5907;0;0.154;2.5
1;5908;0;0.149;2.5
1;5909;0.001;0.147;2.5
1;5910;0.069;0.101;2.5
1;5911;0.224;0.084;2.5
1;5912;0.378;0.150;2.5
1;5913;0.518;0.204;2.5
1;5914;0.590;0.241;2.5
1;5915;0.594;0.261;2.5
1;5916;0.557;0.274;2.5
1;5917;0.503;0.283;2.5
1;5918;0.423;0.289;2.5
1;5919;0.342;0.289;2.5
1;5920;0.240;0.278;2.5
1;5921;0.102;0.227;2.5
1;5922;0.006;0.209;2.5
1;5923;0;0.204;2.5
1;5924;0;0.201;2.5
1;5925;0;0.219;2.5
1;5926;0;0.254;2.5
1;5927;0;0.260;2.5
1;5928;0;0.250;2.5
1;5929;0;0.248;2.5
1;5930;0;0.229;2.5
1;5931;0;0.201;2.5
1;5932;0;0.204;2.5
1;5933;0;0.209;2.5
1;5934;0.068;0.161;2.5
1;5935;0.240;0.185;2.5
1;5936;0.429;0.267;2.5
1;5937;0.570;0.364;2.5
1;5938;0.656;0.455;2.5
1;5939;0.693;0.547;2.5
1;5940;0.688;0.620;2.5
1;5941;0.640;0.663;2.5
1;5942;0.554;0.663;2.5
1;5943;0.429;0.631;2.5
1;5944;0.271;0.590;2.5
1;5945;0.094;0.538;2.5
1;5946;0.004;0.454;2.5
1;5947;0;0.402;2.5
1;5948;0;0.386;2.5
1;5949;0;0.358;2.5
1;5950;0;0.311;2.5
1;5951;0;0.271;2.5
1;5952;0;0.253;2.5
1;5953;0;0.243;2.5
1;5954;0;0.229;2.5
1;5955;0;0.214;2.5
1;5956;0;0.197;2.5
1;5957;0;0.168;2.5
1;5958;0.073;0.100;2.5
1;5959;0.259;0.083;2.5
1;5960;0.437;0.120;2.5
1;5961;0.576;0.125;2.5
1;5962;0.669;0.130;2.5
1;5963;0.718;0.133;2.5
1;5964;0.720;0.134;2.5
1;5965;0.677;0.128;2.5
1;5966;0.590;0.118;2.5
1;5967;0.451;0.104;2.5
1;5968;0.283;0.094;2.5
1;5969;0.107;0.085;2.5
1;5970;0.004;0.090;2.5
1;5971;0;0.107;2.5
1;5972;0;0.151;2.5
1;5973;0;0.215;2.5
1;5974;0;0.273;2.5
1;5975;0;0.302;2.5
1;5976;0;0.298;2.5
1;5977;0;0.263;2.5
1;5978;0;0.212;2.5
1;5979;0;0.160;2.5
1;5980;0;0.112;2.5
1;5981;0;0.073;2.5
1;5982;0.048;0.045;2.5
1;5983;0.154;0.017;2.5
1;5984;0.258;0.013;2.5
1;5985;0.341;0.022;2.5
1;5986;0.372;0.025;2.5
1;5987;0.362;0.029;2.5
1;5988;0.303;0.030;2.5
1;5989;0.225;0.027;2.5
1;5990;0.158;0.025;2.5
1;5991;0.101;0.022;2.5
1;5992;0.056;0.019;2.5
1;5993;0.022;0.018;2.5
1;5994;0;0.020;2.5
1;5995;0;0.021;2.5
1;5996;0;0.020;2.5
1;5997;0;0.019;2.5
1;5998;0;0.020;2.5
1;5999;0;0.022;2.5
1;6000;0;0.024;2.5
1;6001;0;0.021;2.5
1;6002;0;0.017;2.5
1;6003;0;0.014;2.5
1;6004;0;0.015;2.5
1;6005;0;0.019;2.5
1;6006;0.046;0.021;2.5
1;6007;0.162;0.017;2.5
1;6008;0.284;0.011;2.5
1;6009;0.397;0.005;2.5
1;6010;0.401;0.004;2.5
1;6011;0.381;0.004;2.5
1;6012;0.439;0.002;2.5
1;6013;0.357;0.002;2.5
1;6014;0.313;0.007;2.5
1;6015;0.280;0.013;2.5
1;6016;0.182;0.022;2.5
1;6017;0.045;0.045;2.5
1;6018;0.001;0.097;2.5
1;6019;0;0.158;2.5
1;6020;0;0.204;2.5
1;6021;0;0.204;2.5
1;6022;0;0.179;2.5
1;6023;0;0.145;2.5
1;6024;0;0.117;2.5
1;6025;0;0.101;2.5
1;6026;0;0.101;2.5
1;6027;0;0.121;2.5
1;6028;0;0.133;2.5
1;6029;0;0.136;2.5
1;6030;0.016;0.153;2.5
1;6031;0.038;0.129;2.5
1;6032;0.050;0.111;2.5
1;6033;0.069;0.104;2.5
1;6034;0.074;0.115;2.5
1;6035;0.096;0.137;2.5
1;6036;0.134;0.144;2.5
1;6037;0.129;0.130;2.5
1;6038;0.111;0.106;2.5
1;6039;0.079;0.092;2.5
1;6040;0.049;0.100;2.5
1;6041;0.017;0.147;2.5
1;6042;0;0.243;2.5
1;6043;0;0.325;2.5
1;6044;0;0.369;2.5
1;6045;0;0.401;2.5
1;6046;0;0.418;2.5
1;6047;0;0.403;2.5
1;6048;0;0.404;2.5
1;6049;0;0.391;2.5
1;6050;0;0.386;2.5
1;6051;0;0.421;2.5
1;6052;0;0.447;2.5
1;6053;0;0.460;2.5
1;6054;0.017;0.479;2.5
1;6055;0.083;0.507;2.5
1;6056;0.178;0.574;2.5
1;6057;0.287;0.663;2.5
1;6058;0.408;0.702;2.5
1;6059;0.521;0.702;2.5
1;6060;0.577;0.683;2.5
1;6061;0.578;0.644;2.5
1;6062;0.535;0.587;2.5
1;6063;0.403;0.519;2.5
1;6064;0.201;0.457;2.5
1;6065;0.066;0.370;2.5
1;6066;0.001;0.338;2.5
1;6067;0;0.340;2.5
1;6068;0;0.333;2.5
1;6069;0;0.310;2.5
1;6070;0;0.272;2.5
1;6071;0;0.246;2.5
1;6072;0;0.208;2.5
1;6073;0;0.178;2.5
1;6074;0;0.163;2.5
1;6075;0;0.159;2.5
1;6076;0;0.154;2.5
1;6077;0;0.142;2.5
1;6078;0.054;0.115;2.5
1;6079;0.215;0.059;2.5
1;6080;0.390;0.089;2.5
1;6081;0.530;0.162;2.5
1;6082;0.624;0.197;2.5
1;6083;0.672;0.237;2.5
1;6084;0.677;0.271;2.5
1;6085;0.636;0.296;2.5
1;6086;0.545;0.313;2.5
1;6087;0.380;0.312;2.5
1;6088;0.166;0.290;2.5
1;6089;0.041;0.256;2.5
1;6090;0;0.292;2.5
1;6091;0;0.355;2.5
1;6092;0;0.392;2.5
1;6093;0;0.395;2.5
1;6094;0;0.367;2.5
1;6095;0;0.321;2.5
1;6096;0;0.279;2.5
1;6097;0;0.269;2.5
1;6098;0;0.258;2.5
1;6099;0;0.251;2.5
1;6100;0;0.207;2.5
1;6101;0;0.194;2.5
1;6102;0.012;0.184;2.5
1;6103;0.105;0.163;2.5
1;6104;0.235;0.165;2.5
1;6105;0.352;0.179;2.5
1;6106;0.453;0.197;2.5
1;6107;0.555;0.237;2.5
1;6108;0.579;0.279;2.5
1;6109;0.487;0.304;2.5
1;6110;0.329;0.313;2.5
1;6111;0.227;0.299;2.5
1;6112;0.142;0.264;2.5
1;6113;0.059;0.193;2.5
1;6114;0;0.181;2.5
1;6115;0;0.181;2.5
1;6116;0;0.184;2.5
1;6117;0;0.192;2.5
1;6118;0;0.201;2.5
1;6119;0;0.211;2.5
1;6120;0;0.223;2.5
1;6121;0;0.234;2.5
1;6122;0;0.263;2.5
1;6123;0;0.278;2.5
1;6124;0;0.292;2.5
1;6125;0;0.325;2.5
1;6126;0.041;0.324;2.5
1;6127;0.094;0.360;2.5
1;6128;0.127;0.447;2.5
1;6129;0.225;0.504;2.5
1;6130;0.389;0.547;2.5
1;6131;0.499;0.574;2.5
1;6132;0.446;0.602;2.5
1;6133;0.422;0.563;2.5
1;6134;0.394;0.476;2.5
1;6135;0.213;0.406;2.5
1;6136;0.116;0.353;2.5
1;6137;0.057;0.281;2.5
1;6138;0.001;0.255;2.5
1;6139;0;0.238;2.5
1;6140;0;0.201;2.5
1;6141;0;0.186;2.5
1;6142;0;0.204;2.5
1;6143;0;0.231;2.5
1;6144;0;0.252;2.5
1;6145;0;0.239;2.5
1;6146;0;0.206;2.5
1;6147;0;0.154;2.5
1;6148;0;0.121;2.5
1;6149;0;0.103;2.5
1;6150;0.049;0.088;2.5
1;6151;0.223;0.050;2.5
1;6152;0.402;0.045;2.5
1;6153;0.562;0.027;2.5
1;6154;0.657;0.028;2.5
1;6155;0.704;0.036;2.5
1;6156;0.707;0.035;2.5
1;6157;0.662;0.030;2.5
1;6158;0.573;0.028;2.5
1;6159;0.437;0.025;2.5
1;6160;0.233;0.025;2.5
1;6161;0.072;0.027;2.5
1;6162;0;0.023;2.5
1;6163;0;0.011;2.5
1;6164;0;0.003;2.5
1;6165;0;0.016;2.5
1;6166;0;0.045;2.5
1;6167;0;0.101;2.5
1;6168;0;0.193;2.5
1;6169;0;0.278;2.5
1;6170;0;0.320;2.5
1;6171;0;0.334;2.5
1;6172;0;0.322;2.5
1;6173;0;0.302;2.5
1;6174;0.045;0.247;2.5
1;6175;0.189;0.170;2.5
1;6176;0.316;0.206;2.5
1;6177;0.423;0.368;2.5
1;6178;0.538;0.476;2.5
1;6179;0.648;0.516;2.5
1;6180;0.592;0.565;2.5
1;6181;0.459;0.615;2.5
1;6182;0.436;0.642;2.5
1;6183;0.309;0.638;2.5
1;6184;0.129;0.582;2.5
1;6185;0.026;0.484;2.5
1;6186;0;0.436;2.5
1;6187;0;0.376;2.5
1;6188;0;0.315;2.5
1;6189;0;0.309;2.5
1;6190;0;0.328;2.5
1;6191;0;0.299;2.5
1;6192;0;0.275;2.5
1;6193;0;0.259;2.5
1;6194;0;0.237;2.5
1;6195;0;0.212;2.5
1;6196;0;0.192;2.5
1;6197;0;0.170;2.5
1;6198;0.029;0.149;2.5
1;6199;0.170;0.166;2.5
1;6200;0.318;0.236;2.5
1;6201;0.288;0.266;2.5
1;6202;0.492;0.274;2.5
1;6203;0.626;0.275;2.5
1;6204;0.521;0.285;2.5
1;6205;0.332;0.290;2.5
1;6206;0.187;0.271;2.5
1;6207;0.081;0.231;2.5
1;6208;0.032;0.178;2.5
1;6209;0.008;0.130;2.5
1;6210;0;0.153;2.5
1;6211;0;0.201;2.5
1;6212;0;0.237;2.5
1;6213;0;0.264;2.5
1;6214;0;0.274;2.5
1;6215;0;0.272;2.5
1;6216;0;0.256;2.5
1;6217;0;0.251;2.5
1;6218;0;0.254;2.5
1;6219;0;0.247;2.5
1;6220;0;0.241;2.5
1;6221;0;0.294;2.5
1;6222;0.026;0.337;2.5
1;6223;0.180;0.373;2.5
1;6224;0.301;0.491;2.5
1;6225;0.376;0.627;2.5
1;6226;0.414;0.724;2.5
1;6227;0.390;0.766;2.5
1;6228;0.223;0.773;2.5
1;6229;0.130;0.768;2.5
1;6230;0.202;0.804;2.5
1;6231;0.217;0.837;2.5
1;6232;0.131;0.831;2.5
1;6233;0.042;0.788;2.5
1;6234;0;0.750;2.5
1;6235;0;0.756;2.5
1;6236;0;0.752;2.5
1;6237;0;0.729;2.5
1;6238;0;0.695;2.5
1;6239;0;0.647;2.5
1;6240;0;0.544;2.5
1;6241;0;0.454;2.5
1;6242;0;0.408;2.5
1;6243;0;0.391;2.5
1;6244;0;0.362;2.5
1;6245;0;0.337;2.5
1;6246;0.023;0.315;2.5
1;6247;0.179;0.334;2.5
1;6248;0.409;0.482;2.5
1;6249;0.553;0.546;2.5
1;6250;0.634;0.565;2.5
1;6251;0.683;0.574;2.5
1;6252;0.686;0.574;2.5
1;6253;0.645;0.569;2.5
1;6254;0.549;0.562;2.5
1;6255;0.405;0.551;2.5
1;6256;0.228;0.533;2.5
1;6257;0.054;0.454;2.5
1;6258;0;0.381;2.5
1;6259;0;0.355;2.5
1;6260;0;0.337;2.5
1;6261;0;0.332;2.5
1;6262;0;0.338;2.5
1;6263;0;0.332;2.5
1;6264;0;0.320;2.5
1;6265;0;0.296;2.5
1;6266;0;0.267;2.5
1;6267;0;0.218;2.5
1;6268;0;0.166;2.5
1;6269;0;0.136;2.5
1;6270;0.007;0.136;2.5
1;6271;0.045;0.141;2.5
1;6272;0.144;0.148;2.5
1;6273;0.389;0.180;2.5
1;6274;0.619;0.201;2.5
1;6275;0.669;0.192;2.5
1;6276;0.673;0.180;2.5
1;6277;0.627;0.193;2.5
1;6278;0.514;0.191;2.5
1;6279;0.372;0.182;2.5
1;6280;0.225;0.202;2.5
1;6281;0.055;0.199;2.5
1;6282;0;0.227;2.5
1;6283;0;0.233;2.5
1;6284;0;0.210;2.5
1;6285;0;0.192;2.5
1;6286;0;0.180;2.5
1;6287;0;0.178;2.5
1;6288;0;0.187;2.5
1;6289;0;0.201;2.5
1;6290;0;0.204;2.5
1;6291;0;0.177;2.5
1;6292;0;0.133;2.5
1;6293;0;0.105;2.5
1;6294;0.014;0.086;2.5
1;6295;0.093;0.087;2.5
1;6296;0.329;0.106;2.5
1;6297;0.491;0.118;2.5
1;6298;0.572;0.121;2.5
1;6299;0.566;0.131;2.5
1;6300;0.429;0.143;2.5
1;6301;0.309;0.151;2.5
1;6302;0.269;0.148;2.5
1;6303;0.180;0.137;2.5
1;6304;0.104;0.124;2.5
1;6305;0.032;0.111;2.5
1;6306;0;0.128;2.5
1;6307;0;0.149;2.5
1;6308;0;0.162;2.5
1;6309;0;0.167;2.5
1;6310;0;0.174;2.5
1;6311;0;0.180;2.5
1;6312;0;0.187;2.5
1;6313;0;0.206;2.5
1;6314;0;0.223;2.5
1;6315;0;0.229;2.5
1;6316;0;0.227;2.5
1;6317;0;0.220;2.5
1;6318;0.027;0.189;2.5
1;6319;0.163;0.106;2.5
1;6320;0.332;0.071;2.5
1;6321;0.482;0.094;2.5
1;6322;0.623;0.073;2.5
1;6323;0.673;0.053;2.5
1;6324;0.675;0.036;2.5
1;6325;0.631;0.024;2.5
1;6326;0.541;0.014;2.5
1;6327;0.405;0.008;2.5
1;6328;0.231;0.005;2.5
1;6329;0.058;0.005;2.5
1;6330;0;0.011;2.5
1;6331;0;0.032;2.5
1;6332;0;0.068;2.5
1;6333;0;0.113;2.5
1;6334;0;0.155;2.5
1;6335;0;0.179;2.5
1;6336;0;0.184;2.5
1;6337;0;0.179;2.5
1;6338;0;0.175;2.5
1;6339;0;0.174;2.5
1;6340;0;0.179;2.5
1;6341;0;0.187;2.5
1;6342;0.029;0.193;2.5
1;6343;0.196;0.116;2.5
1;6344;0.387;0.058;2.5
1;6345;0.534;0.082;2.5
1;6346;0.628;0.118;2.5
1;6347;0.674;0.139;2.5
1;6348;0.674;0.147;2.5
1;6349;0.632;0.155;2.5
1;6350;0.543;0.164;2.5
1;6351;0.409;0.177;2.5
1;6352;0.235;0.177;2.5
1;6353;0.059;0.219;2.5
1;6354;0;0.305;2.5
1;6355;0;0.369;2.5
1;6356;0;0.388;2.5
1;6357;0;0.367;2.5
1;6358;0;0.332;2.5
1;6359;0;0.291;2.5
1;6360;0;0.256;2.5
1;6361;0;0.236;2.5
1;6362;0;0.235;2.5
1;6363;0;0.250;2.5
1;6364;0;0.261;2.5
1;6365;0;0.266;2.5
1;6366;0.028;0.258;2.5
1;6367;0.192;0.147;2.5
1;6368;0.376;0.093;2.5
1;6369;0.517;0.156;2.5
1;6370;0.608;0.270;2.5
1;6371;0.655;0.237;2.5
1;6372;0.651;0.200;2.5
1;6373;0.596;0.184;2.5
1;6374;0.494;0.180;2.5
1;6375;0.343;0.172;2.5
1;6376;0.158;0.135;2.5
1;6377;0.033;0.101;2.5
1;6378;0;0.089;2.5
1;6379;0;0.085;2.5
1;6380;0;0.078;2.5
1;6381;0;0.061;2.5
1;6382;0;0.046;2.5
1;6383;0;0.037;2.5
1;6384;0;0.038;2.5
1;6385;0;0.039;2.5
1;6386;0;0.041;2.5
1;6387;0;0.043;2.5
1;6388;0;0.045;2.5
1;6389;0;0.049;2.5
1;6390;0.006;0.043;2.5
1;6391;0.072;0.022;2.5
1;6392;0.178;0.011;2.5
1;6393;0.224;0.007;2.5
1;6394;0.264;0.008;2.5
1;6395;0.353;0.007;2.5
1;6396;0.385;0.008;2.5
1;6397;0.285;0.010;2.5
1;6398;0.177;0.011;2.5
1;6399;0.145;0.016;2.5
1;6400;0.080;0.030;2.5
1;6401;0.016;0.061;2.5
1;6402;0;0.106;2.5
1;6403;0;0.140;2.5
1;6404;0;0.157;2.5
1;6405;0;0.173;2.5
1;6406;0;0.177;2.5
1;6407;0;0.167;2.5
1;6408;0;0.156;2.5
1;6409;0;0.139;2.5
1;6410;0;0.125;2.5
1;6411;0;0.114;2.5
1;6412;0;0.107;2.5
1;6413;0;0.102;2.5
1;6414;0.003;0.093;2.5
1;6415;0.039;0.062;2.5
1;6416;0.093;0.030;2.5
1;6417;0.141;0.025;2.5
1;6418;0.190;0.030;2.5
1;6419;0.192;0.028;2.5
1;6420;0.180;0.022;2.5
1;6421;0.161;0.016;2.5
1;6422;0.113;0.011;2.5
1;6423;0.050;0.009;2.5
1;6424;0.024;0.013;2.5
1;6425;0.004;0.022;2.5
1;6426;0;0.040;2.5
1;6427;0;0.064;2.5
1;6428;0;0.089;2.5
1;6429;0;0.114;2.5
1;6430;0;0.137;2.5
1;6431;0;0.155;2.5
1;6432;0;0.163;2.5
1;6433;0;0.162;2.5
1;6434;0;0.154;2.5
1;6435;0;0.140;2.5
1;6436;0;0.127;2.5
1;6437;0;0.128;2.5
1;6438;0.016;0.132;2.5
1;6439;0.156;0.081;2.5
1;6440;0.345;0.045;2.5
1;6441;0.488;0.061;2.5
1;6442;0.569;0.086;2.5
1;6443;0.618;0.086;2.5
1;6444;0.617;0.080;2.5
1;6445;0.552;0.079;2.5
1;6446;0.403;0.082;2.5
1;6447;0.248;0.084;2.5
1;6448;0.086;0.075;2.5
1;6449;0.017;0.079;2.5
1;6450;0;0.131;2.5
1;6451;0;0.209;2.5
1;6452;0;0.276;2.5
1;6453;0;0.299;2.5
1;6454;0;0.286;2.5
1;6455;0;0.254;2.5
1;6456;0;0.228;2.5
1;6457;0;0.212;2.5
1;6458;0;0.210;2.5
1;6459;0;0.205;2.5
1;6460;0;0.206;2.5
1;6461;0;0.217;2.5
1;6462;0.001;0.223;2.5
1;6463;0.021;0.201;2.5
1;6464;0.038;0.177;2.5
1;6465;0.059;0.161;2.5
1;6466;0.072;0.197;2.5
1;6467;0.081;0.222;2.5
1;6468;0.098;0.188;2.5
1;6469;0.134;0.146;2.5
1;6470;0.171;0.131;2.5
1;6471;0.150;0.134;2.5
1;6472;0.076;0.095;2.5
1;6473;0.015;0.084;2.5
1;6474;0;0.102;2.5
1;6475;0;0.113;2.5
1;6476;0;0.134;2.5
1;6477;0;0.174;2.5
1;6478;0;0.226;2.5
1;6479;0;0.277;2.5
1;6480;0;0.311;2.5
1;6481;0;0.311;2.5
1;6482;0;0.302;2.5
1;6483;0;0.294;2.5
1;6484;0;0.278;2.5
1;6485;0;0.295;2.5
1;6486;0.008;0.311;2.5
1;6487;0.091;0.259;2.5
1;6488;0.200;0.218;2.5
1;6489;0.309;0.303;2.5
1;6490;0.427;0.410;2.5
1;6491;0.513;0.457;2.5
1;6492;0.491;0.479;2.5
1;6493;0.415;0.491;2.5
1;6494;0.346;0.498;2.5
1;6495;0.227;0.468;2.5
1;6496;0.105;0.333;2.5
1;6497;0.020;0.260;2.5
1;6498;0;0.357;2.5
1;6499;0;0.447;2.5
1;6500;0;0.477;2.5
1;6501;0;0.476;2.5
1;6502;0;0.509;2.5
1;6503;0;0.586;2.5
1;6504;0;0.498;2.5
1;6505;0;0.529;2.5
1;6506;0;0.491;2.5
1;6507;0;0.476;2.5
1;6508;0;0.444;2.5
1;6509;0;0.381;2.5
1;6510;0;0.372;2.5
1;6511;0.032;0.348;2.5
1;6512;0.141;0.364;2.5
1;6513;0.332;0.513;2.5
1;6514;0.313;0.524;2.5
1;6515;0.157;0.484;2.5
1;6516;0.137;0.436;2.5
1;6517;0.132;0.447;2.5
1;6518;0.167;0.501;2.5
1;6519;0.127;0.525;2.5
1;6520;0.032;0.535;2.5
1;6521;0.002;0.594;2.5
1;6522;0;0.642;2.5
1;6523;0;0.648;2.5
1;6524;0;0.600;2.5
1;6525;0;0.525;2.5
1;6526;0;0.501;2.5
1;6527;0;0.530;2.5
1;6528;0;0.528;2.5
1;6529;0;0.544;2.5
1;6530;0;0.540;2.5
1;6531;0;0.574;2.5
1;6532;0;0.615;2.5
1;6533;0;0.682;2.5
1;6534;0;0.795;2.5
1;6535;0.017;0.896;2.5
1;6536;0.059;0.938;2.5
1;6537;0.083;0.970;2.5
1;6538;0.141;0.975;2.5
1;6539;0.230;0.944;2.5
1;6540;0.331;0.938;2.5
1;6541;0.411;0.936;2.5
1;6542;0.418;0.927;2.5
1;6543;0.288;0.896;2.5
1;6544;0.138;0.811;2.5
1;6545;0.020;0.706;2.5
1;6546;0;0.618;2.5
1;6547;0;0.525;2.5
1;6548;0;0.425;2.5
1;6549;0;0.389;2.5
1;6550;0;0.398;2.5
1;6551;0;0.362;2.5
1;6552;0;0.337;2.5
1;6553;0;0.317;2.5
1;6554;0;0.291;2.5
1;6555;0;0.274;2.5
1;6556;0;0.259;2.5
1;6557;0;0.241;2.5
1;6558;0;0.223;2.5
1;6559;0.016;0.228;2.5
1;6560;0.035;0.242;2.5
1;6561;0.054;0.278;2.5
1;6562;0.087;0.344;2.5
1;6563;0.119;0.419;2.5
1;6564;0.133;0.437;2.5
1;6565;0.110;0.400;2.5
1;6566;0.103;0.367;2.5
1;6567;0.161;0.400;2.5
1;6568;0.116;0.442;2.5
1;6569;0.009;0.498;2.5
1;6570;0;0.498;2.5
1;6571;0;0.418;2.5
1;6572;0;0.328;2.5
1;6573;0;0.238;2.5
1;6574;0;0.162;2.5
1;6575;0;0.125;2.5
1;6576;0;0.102;2.5
1;6577;0;0.091;2.5
1;6578;0;0.115;2.5
1;6579;0;0.153;2.5
1;6580;0;0.199;2.5
1;6581;0;0.222;2.5
1;6582;0;0.210;2.5
1;6583;0.012;0.183;2.5
1;6584;0.057;0.182;2.5
1;6585;0.147;0.202;2.5
1;6586;0.313;0.241;2.5
1;6587;0.443;0.251;2.5
1;6588;0.573;0.251;2.5
1;6589;0.561;0.272;2.5
1;6590;0.466;0.287;2.5
1;6591;0.311;0.278;2.5
1;6592;0.153;0.268;2.5
1;6593;0.014;0.259;2.5
1;6594;0;0.313;2.5
1;6595;0;0.323;2.5
1;6596;0;0.334;2.5
1;6597;0;0.361;2.5
1;6598;0;0.361;2.5
1;6599;0;0.367;2.5
1;6600;0;0.352;2.5
1;6601;0;0.291;2.5
1;6602;0;0.243;2.5
1;6603;0;0.228;2.5
1;6604;0;0.270;2.5
1;6605;0;0.311;2.5
1;6606;0;0.323;2.5
1;6607;0.026;0.297;2.5
1;6608;0.081;0.297;2.5
1;6609;0.236;0.347;2.5
1;6610;0.430;0.347;2.5
1;6611;0.472;0.332;2.5
1;6612;0.560;0.310;2.5
1;6613;0.537;0.275;2.5
1;6614;0.450;0.236;2.5
1;6615;0.244;0.186;2.5
1;6616;0.093;0.133;2.5
1;6617;0.008;0.100;2.5
1;6618;0;0.085;2.5
1;6619;0;0.064;2.5
1;6620;0;0.041;2.5
1;6621;0;0.021;2.5
1;6622;0;0.009;2.5
1;6623;0;0.003;2.5
1;6624;0;0.002;2.5
1;6625;0;0.003;2.5
1;6626;0;0.006;2.5
1;6627;0;0.013;2.5
1;6628;0;0.029;2.5
1;6629;0;0.056;2.5
1;6630;0.001;0.097;2.5
1;6631;0.039;0.121;2.5
1;6632;0.086;0.104;2.5
1;6633;0.121;0.130;2.5
1;6634;0.145;0.148;2.5
1;6635;0.159;0.149;2.5
1;6636;0.146;0.137;2.5
1;6637;0.111;0.122;2.5
1;6638;0.062;0.107;2.5
1;6639;0.030;0.101;2.5
1;6640;0.009;0.123;2.5
1;6641;0;0.152;2.5
1;6642;0;0.170;2.5
1;6643;0;0.179;2.5
1;6644;0;0.179;2.5
1;6645;0;0.185;2.5
1;6646;0;0.203;2.5
1;6647;0;0.222;2.5
1;6648;0;0.253;2.5
1;6649;0;0.297;2.5
1;6650;0;0.338;2.5
1;6651;0;0.361;2.5
1;6652;0;0.369;2.5
1;6653;0;0.374;2.5
1;6654;0;0.367;2.5
1;6655;0.048;0.364;2.5
1;6656;0.162;0.417;2.5
1;6657;0.323;0.450;2.5
1;6658;0.457;0.474;2.5
1;6659;0.528;0.462;2.5
1;6660;0.521;0.428;2.5
1;6661;0.465;0.388;2.5
1;6662;0.351;0.348;2.5
1;6663;0.237;0.311;2.5
1;6664;0.090;0.251;2.5
1;6665;0.005;0.248;2.5
1;6666;0;0.296;2.5
1;6667;0;0.289;2.5
1;6668;0;0.251;2.5
1;6669;0;0.226;2.5
1;6670;0;0.206;2.5
1;6671;0;0.185;2.5
1;6672;0;0.160;2.5
1;6673;0;0.122;2.5
1;6674;0;0.086;2.5
1;6675;0;0.061;2.5
1;6676;0;0.049;2.5
1;6677;0;0.045;2.5
1;6678;0;0.042;2.5
1;6679;0.054;0.042;2.5
1;6680;0.299;0.050;2.5
1;6681;0.484;0.087;2.5
1;6682;0.596;0.120;2.5
1;6683;0.628;0.131;2.5
1;6684;0.559;0.134;2.5
1;6685;0.440;0.135;2.5
1;6686;0.343;0.144;2.5
1;6687;0.230;0.159;2.5
1;6688;0.097;0.162;2.5
1;6689;0.007;0.198;2.5
1;6690;0;0.258;2.5
1;6691;0;0.279;2.5
1;6692;0;0.274;2.5
1;6693;0;0.253;2.5
1;6694;0;0.237;2.5
1;6695;0;0.217;2.5
1;6696;0;0.184;2.5
1;6697;0;0.140;2.5
1;6698;0;0.093;2.5
1;6699;0;0.061;2.5
1;6700;0;0.046;2.5
1;6701;0;0.040;2.5
1;6702;0;0.034;2.5
1;6703;0.083;0.023;2.5
1;6704;0.310;0.005;2.5
1;6705;0.501;0.002;2.5
1;6706;0.595;0.004;2.5
1;6707;0.654;0.006;2.5
1;6708;0.661;0.008;2.5
1;6709;0.629;0.012;2.5
1;6710;0.538;0.018;2.5
1;6711;0.394;0.025;2.5
1;6712;0.200;0.025;2.5
1;6713;0.012;0.012;2.5
1;6714;0;0.003;2.5
1;6715;0;0.011;2.5
1;6716;0;0.039;2.5
1;6717;0;0.101;2.5
1;6718;0;0.195;2.5
1;6719;0;0.267;2.5
1;6720;0;0.282;2.5
1;6721;0;0.270;2.5
1;6722;0;0.265;2.5
1;6723;0;0.256;2.5
1;6724;0;0.255;2.5
1;6725;0;0.265;2.5
1;6726;0;0.306;2.5
1;6727;0.015;0.314;2.5
1;6728;0.066;0.329;2.5
1;6729;0.102;0.332;2.5
1;6730;0.116;0.447;2.5
1;6731;0.143;0.550;2.5
1;6732;0.116;0.556;2.5
1;6733;0.128;0.501;2.5
1;6734;0.136;0.448;2.5
1;6735;0.100;0.343;2.5
1;6736;0.050;0.323;2.5
1;6737;0.001;0.369;2.5
1;6738;0;0.369;2.5
1;6739;0;0.351;2.5
1;6740;0;0.325;2.5
1;6741;0;0.328;2.5
1;6742;0;0.343;2.5
1;6743;0;0.346;2.5
1;6744;0;0.367;2.5
1;6745;0;0.341;2.5
1;6746;0;0.336;2.5
1;6747;0;0.341;2.5
1;6748;0;0.379;2.5
1;6749;0;0.385;2.5
1;6750;0;0.407;2.5
1;6751;0.041;0.396;2.5
1;6752;0.145;0.340;2.5
1;6753;0.257;0.378;2.5
1;6754;0.467;0.427;2.5
1;6755;0.504;0.400;2.5
1;6756;0.386;0.366;2.5
1;6757;0.269;0.352;2.5
1;6758;0.185;0.362;2.5
1;6759;0.113;0.316;2.5
1;6760;0.050;0.272;2.5
1;6761;0.003;0.301;2.5
1;6762;0;0.366;2.5
1;6763;0;0.390;2.5
1;6764;0;0.367;2.5
1;6765;0;0.353;2.5
1;6766;0;0.355;2.5
1;6767;0;0.355;2.5
1;6768;0;0.376;2.5
1;6769;0;0.416;2.5
1;6770;0;0.393;2.5
1;6771;0;0.400;2.5
1;6772;0;0.372;2.5
1;6773;0;0.370;2.5
1;6774;0;0.348;2.5
1;6775;0.035;0.325;2.5
1;6776;0.120;0.379;2.5
1;6777;0.245;0.450;2.5
1;6778;0.497;0.476;2.5
1;6779;0.545;0.484;2.5
1;6780;0.525;0.492;2.5
1;6781;0.481;0.494;2.5
1;6782;0.389;0.494;2.5
1;6783;0.266;0.487;2.5
1;6784;0.097;0.432;2.5
1;6785;0.001;0.401;2.5
1;6786;0;0.461;2.5
1;6787;0;0.450;2.5
1;6788;0;0.413;2.5
1;6789;0;0.389;2.5
1;6790;0;0.385;2.5
1;6791;0;0.385;2.5
1;6792;0;0.410;2.5
1;6793;0;0.403;2.5
1;6794;0;0.372;2.5
1;6795;0;0.403;2.5
1;6796;0;0.384;2.5
1;6797;0;0.436;2.5
1;6798;0;0.523;2.5
1;6799;0.018;0.535;2.5
1;6800;0.070;0.570;2.5
1;6801;0.120;0.638;2.5
1;6802;0.146;0.646;2.5
1;6803;0.141;0.627;2.5
1;6804;0.128;0.586;2.5
1;6805;0.109;0.559;2.5
1;6806;0.072;0.532;2.5
1;6807;0.056;0.550;2.5
1;6808;0.033;0.578;2.5
1;6809;0.001;0.623;2.5
1;6810;0;0.620;2.5
1;6811;0;0.602;2.5
1;6812;0;0.559;2.5
1;6813;0;0.558;2.5
1;6814;0;0.558;2.5
1;6815;0;0.566;2.5
1;6816;0;0.559;2.5
1;6817;0;0.571;2.5
1;6818;0;0.560;2.5
1;6819;0;0.525;2.5
1;6820;0;0.538;2.5
1;6821;0;0.515;2.5
1;6822;0;0.510;2.5
1;6823;0.060;0.488;2.5
1;6824;0.235;0.422;2.5
1;6825;0.405;0.530;2.5
1;6826;0.517;0.618;2.5
1;6827;0.574;0.665;2.5
1;6828;0.572;0.652;2.5
1;6829;0.467;0.621;2.5
1;6830;0.286;0.552;2.5
1;6831;0.109;0.442;2.5
1;6832;0.032;0.341;2.5
1;6833;0;0.310;2.5
1;6834;0;0.297;2.5
1;6835;0;0.248;2.5
1;6836;0;0.197;2.5
1;6837;0;0.169;2.5
1;6838;0;0.136;2.5
1;6839;0;0.101;2.5
1;6840;0;0.088;2.5
1;6841;0;0.118;2.5
1;6842;0;0.159;2.5
1;6843;0;0.182;2.5
1;6844;0;0.180;2.5
1;6845;0;0.166;2.5
1;6846;0;0.160;2.5
1;6847;0.056;0.170;2.5
1;6848;0.217;0.126;2.5
1;6849;0.368;0.132;2.5
1;6850;0.479;0.188;2.5
1;6851;0.557;0.243;2.5
1;6852;0.548;0.266;2.5
1;6853;0.381;0.285;2.5
1;6854;0.162;0.285;2.5
1;6855;0.149;0.311;2.5
1;6856;0.072;0.379;2.5
1;6857;0.001;0.469;2.5
1;6858;0;0.527;2.5
1;6859;0;0.566;2.5
1;6860;0;0.637;2.5
1;6861;0;0.582;2.5
1;6862;0;0.535;2.5
1;6863;0;0.479;2.5
1;6864;0;0.442;2.5
1;6865;0;0.429;2.5
1;6866;0;0.391;2.5
1;6867;0;0.381;2.5
1;6868;0;0.364;2.5
1;6869;0;0.337;2.5
1;6870;0;0.305;2.5
1;6871;0.034;0.243;2.5
1;6872;0.144;0.139;2.5
1;6873;0.322;0.144;2.5
1;6874;0.494;0.121;2.5
1;6875;0.560;0.080;2.5
1;6876;0.563;0.037;2.5
1;6877;0.519;0.009;2.5
1;6878;0.417;0.005;2.5
1;6879;0.255;0.011;2.5
1;6880;0.091;0.061;2.5
1;6881;0.001;0.226;2.5
1;6882;0;0.365;2.5
1;6883;0;0.368;2.5
1;6884;0;0.335;2.5
1;6885;0;0.301;2.5
1;6886;0;0.270;2.5
1;6887;0;0.263;2.5
1;6888;0;0.267;2.5
1;6889;0;0.266;2.5
1;6890;0;0.263;2.5
1;6891;0;0.264;2.5
1;6892;0;0.264;2.5
1;6893;0;0.260;2.5
1;6894;0;0.250;2.5
1;6895;0.029;0.210;2.5
1;6896;0.126;0.126;2.5
1;6897;0.241;0.085;2.5
1;6898;0.319;0.093;2.5
1;6899;0.374;0.096;2.5
1;6900;0.389;0.080;2.5
1;6901;0.323;0.059;2.5
1;6902;0.206;0.042;2.5
1;6903;0.116;0.035;2.5
1;6904;0.044;0.041;2.5
1;6905;0;0.057;2.5
1;6906;0;0.073;2.5
1;6907;0;0.082;2.5
1;6908;0;0.082;2.5
1;6909;0;0.076;2.5
1;6910;0;0.075;2.5
1;6911;0;0.076;2.5
1;6912;0;0.076;2.5
1;6913;0;0.068;2.5
1;6914;0;0.054;2.5
1;6915;0;0.042;2.5
1;6916;0;0.050;2.5
1;6917;0;0.088;2.5
1;6918;0;0.177;2.5
1;6919;0.007;0.289;2.5
1;6920;0.028;0.425;2.5
1;6921;0.051;0.534;2.5
1;6922;0.069;0.644;2.5
1;6923;0.083;0.726;2.5
1;6924;0.092;0.737;2.5
1;6925;0.092;0.688;2.5
1;6926;0.075;0.571;2.5
1;6927;0.039;0.402;2.5
1;6928;0.016;0.304;2.5
1;6929;0;0.279;2.5
1;6930;0;0.312;2.5
1;6931;0;0.339;2.5
1;6932;0;0.374;2.5
1;6933;0;0.382;2.5
1;6934;0;0.375;2.5
1;6935;0;0.351;2.5
1;6936;0;0.305;2.5
1;6937;0;0.259;2.5
1;6938;0;0.248;2.5
1;6939;0;0.272;2.5
1;6940;0;0.300;2.5
1;6941;0;0.327;2.5
1;6942;0;0.343;2.5
1;6943;0.004;0.308;2.5
1;6944;0.024;0.270;2.5
1;6945;0.100;0.224;2.5
1;6946;0.245;0.268;2.5
1;6947;0.349;0.352;2.5
1;6948;0.429;0.343;2.5
1;6949;0.339;0.291;2.5
1;6950;0.175;0.249;2.5
1;6951;0.081;0.201;2.5
1;6952;0.023;0.179;2.5
1;6953;0;0.199;2.5
1;6954;0;0.202;2.5
1;6955;0;0.211;2.5
1;6956;0;0.227;2.5
1;6957;0;0.236;2.5
1;6958;0;0.237;2.5
1;6959;0;0.239;2.5
1;6960;0;0.233;2.5
1;6961;0;0.227;2.5
1;6962;0;0.238;2.5
1;6963;0;0.241;2.5
1;6964;0;0.225;2.5
1;6965;0;0.220;2.5
1;6966;0;0.249;2.5
1;6967;0.045;0.245;2.5
1;6968;0.229;0.163;2.5
1;6969;0.368;0.154;2.5
1;6970;0.344;0.211;2.5
1;6971;0.298;0.268;2.5
1;6972;0.232;0.345;2.5
1;6973;0.150;0.384;2.5
1;6974;0.097;0.370;2.5
1;6975;0.066;0.391;2.5
1;6976;0.015;0.454;2.5
1;6977;0;0.486;2.5
1;6978;0;0.498;2.5
1;6979;0;0.432;2.5
1;6980;0;0.398;2.5
1;6981;0;0.320;2.5
1;6982;0;0.274;2.5
1;6983;0;0.244;2.5
1;6984;0;0.227;2.5
1;6985;0;0.223;2.5
1;6986;0;0.231;2.5
1;6987;0;0.251;2.5
1;6988;0;0.255;2.5
1;6989;0;0.233;2.5
1;6990;0;0.218;2.5
1;6991;0.003;0.216;2.5
1;6992;0.022;0.201;2.5
1;6993;0.046;0.205;2.5
1;6994;0.071;0.272;2.5
1;6995;0.091;0.289;2.5
1;6996;0.242;0.341;2.5
1;6997;0.373;0.395;2.5
1;6998;0.316;0.391;2.5
1;6999;0.146;0.344;2.5
1;7000;0.024;0.328;2.5
1;7001;0;0.367;2.5
1;7002;0;0.352;2.5
1;7003;0;0.334;2.5
1;7004;0;0.350;2.5
1;7005;0;0.350;2.5
1;7006;0;0.337;2.5
1;7007;0;0.305;2.5
1;7008;0;0.300;2.5
1;7009;0;0.264;2.5
1;7010;0;0.226;2.5
1;7011;0;0.211;2.5
1;7012;0;0.187;2.5
1;7013;0;0.179;2.5
1;7014;0;0.165;2.5
1;7015;0.001;0.153;2.5
1;7016;0.035;0.131;2.5
1;7017;0.063;0.077;2.5
1;7018;0.107;0.051;2.5
1;7019;0.217;0.045;2.5
1;7020;0.373;0.040;2.5
1;7021;0.389;0.033;2.5
1;7022;0.309;0.026;2.5
1;7023;0.191;0.013;2.5
1;7024;0.071;0.010;2.5
1;7025;0;0.050;2.5
1;7026;0;0.133;2.5
1;7027;0;0.206;2.5
1;7028;0;0.220;2.5
1;7029;0;0.191;2.5
1;7030;0;0.157;2.5
1;7031;0;0.145;2.5
1;7032;0;0.141;2.5
1;7033;0;0.130;2.5
1;7034;0;0.115;2.5
1;7035;0;0.100;2.5
1;7036;0;0.078;2.5
1;7037;0;0.076;2.5
1;7038;0;0.070;2.5
1;7039;0.008;0.053;2.5
1;7040;0.051;0.025;2.5
1;7041;0.100;0.011;2.5
1;7042;0.164;0.013;2.5
1;7043;0.127;0.018;2.5
1;7044;0.146;0.029;2.5
1;7045;0.118;0.044;2.5
1;7046;0.075;0.050;2.5
1;7047;0.043;0.045;2.5
1;7048;0.009;0.035;2.5
1;7049;0;0.052;2.5
1;7050;0;0.084;2.5
1;7051;0;0.106;2.5
1;7052;0;0.134;2.5
1;7053;0;0.135;2.5
1;7054;0;0.127;2.5
1;7055;0;0.154;2.5
1;7056;0;0.158;2.5
1;7057;0;0.159;2.5
1;7058;0;0.173;2.5
1;7059;0;0.165;2.5
1;7060;0;0.109;2.5
1;7061;0;0.061;2.5
1;7062;0;0.101;2.5
1;7063;0.014;0.139;2.5
1;7064;0.054;0.067;2.5
1;7065;0.105;0.034;2.5
1;7066;0.147;0.045;2.5
1;7067;0.256;0.089;2.5
1;7068;0.390;0.121;2.5
1;7069;0.354;0.136;2.5
1;7070;0.276;0.127;2.5
1;7071;0.226;0.114;2.5
1;7072;0.088;0.106;2.5
1;7073;0;0.105;2.5
1;7074;0;0.110;2.5
1;7075;0;0.118;2.5
1;7076;0;0.091;2.5
1;7077;0;0.058;2.5
1;7078;0;0.039;2.5
1;7079;0;0.023;2.5
1;7080;0;0.013;2.5
1;7081;0;0.011;2.5
1;7082;0;0.010;2.5
1;7083;0;0.012;2.5
1;7084;0;0.016;2.5
1;7085;0;0.024;2.5
1;7086;0;0.039;2.5
1;7087;0.018;0.061;2.5
1;7088;0.119;0.054;2.5
1;7089;0.318;0.043;2.5
1;7090;0.477;0.070;2.5
1;7091;0.540;0.068;2.5
1;7092;0.542;0.066;2.5
1;7093;0.451;0.068;2.5
1;7094;0.328;0.080;2.5
1;7095;0.190;0.094;2.5
1;7096;0.055;0.144;2.5
1;7097;0;0.261;2.5
1;7098;0;0.361;2.5
1;7099;0;0.367;2.5
1;7100;0;0.339;2.5
1;7101;0;0.325;2.5
1;7102;0;0.320;2.5
1;7103;0;0.304;2.5
1;7104;0;0.278;2.5
1;7105;0;0.253;2.5
1;7106;0;0.240;2.5
1;7107;0;0.248;2.5
1;7108;0;0.256;2.5
1;7109;0;0.243;2.5
1;7110;0;0.226;2.5
1;7111;0.019;0.209;2.5
1;7112;0.144;0.144;2.5
1;7113;0.301;0.093;2.5
1;7114;0.343;0.124;2.5
1;7115;0.374;0.145;2.5
1;7116;0.395;0.152;2.5
1;7117;0.403;0.157;2.5
1;7118;0.344;0.159;2.5
1;7119;0.199;0.133;2.5
1;7120;0.053;0.108;2.5
1;7121;0;0.113;2.5
1;7122;0;0.161;2.5
1;7123;0;0.233;2.5
1;7124;0;0.274;2.5
1;7125;0;0.302;2.5
1;7126;0;0.329;2.5
1;7127;0;0.346;2.5
1;7128;0;0.364;2.5
1;7129;0;0.364;2.5
1;7130;0;0.319;2.5
1;7131;0;0.291;2.5
1;7132;0;0.319;2.5
1;7133;0;0.364;2.5
1;7134;0;0.379;2.5
1;7135;0.022;0.376;2.5
1;7136;0.157;0.277;2.5
1;7137;0.188;0.217;2.5
1;7138;0.198;0.251;2.5
1;7139;0.285;0.395;2.5
1;7140;0.525;0.414;2.5
1;7141;0.469;0.388;2.5
1;7142;0.277;0.343;2.5
1;7143;0.150;0.285;2.5
1;7144;0.058;0.245;2.5
1;7145;0;0.245;2.5
1;7146;0;0.249;2.5
1;7147;0;0.281;2.5
1;7148;0;0.332;2.5
1;7149;0;0.375;2.5
1;7150;0;0.367;2.5
1;7151;0;0.370;2.5
1;7152;0;0.400;2.5
1;7153;0;0.425;2.5
1;7154;0;0.435;2.5
1;7155;0;0.422;2.5
1;7156;0;0.428;2.5
1;7157;0;0.439;2.5
1;7158;0;0.446;2.5
1;7159;0.024;0.450;2.5
1;7160;0.191;0.398;2.5
1;7161;0.382;0.381;2.5
1;7162;0.509;0.574;2.5
1;7163;0.573;0.609;2.5
1;7164;0.573;0.591;2.5
1;7165;0.506;0.574;2.5
1;7166;0.301;0.519;2.5
1;7167;0.112;0.479;2.5
1;7168;0.026;0.481;2.5
1;7169;0;0.496;2.5
1;7170;0;0.510;2.5
1;7171;0;0.523;2.5
1;7172;0;0.537;2.5
1;7173;0;0.538;2.5
1;7174;0;0.538;2.5
1;7175;0;0.540;2.5
1;7176;0;0.538;2.5
1;7177;0;0.535;2.5
1;7178;0;0.535;2.5
1;7179;0;0.538;2.5
1;7180;0;0.579;2.5
1;7181;0;0.605;2.5
1;7182;0;0.635;2.5
1;7183;0;0.580;2.5
1;7184;0.013;0.526;2.5
1;7185;0.047;0.525;2.5
1;7186;0.122;0.494;2.5
1;7187;0.201;0.456;2.5
1;7188;0.248;0.447;2.5
1;7189;0.200;0.430;2.5
1;7190;0.126;0.401;2.5
1;7191;0.045;0.321;2.5
1;7192;0.003;0.252;2.5
1;7193;0;0.291;2.5
1;7194;0;0.351;2.5
1;7195;0;0.403;2.5
1;7196;0;0.402;2.5
1;7197;0;0.401;2.5
1;7198;0;0.416;2.5
1;7199;0;0.431;2.5
1;7200;0;0.435;2.5
1;7201;0;0.388;2.5
1;7202;0;0.386;2.5
1;7203;0;0.379;2.5
1;7204;0;0.347;2.5
1;7205;0;0.311;2.5
1;7206;0;0.300;2.5
1;7207;0.002;0.261;2.5
1;7208;0.027;0.287;2.5
1;7209;0.066;0.274;2.5
1;7210;0.145;0.249;2.5
1;7211;0.263;0.252;2.5
1;7212;0.469;0.253;2.5
1;7213;0.482;0.244;2.5
1;7214;0.356;0.238;2.5
1;7215;0.159;0.216;2.5
1;7216;0.009;0.226;2.5
1;7217;0;0.255;2.5
1;7218;0;0.257;2.5
1;7219;0;0.248;2.5
1;7220;0;0.227;2.5
1;7221;0;0.203;2.5
1;7222;0;0.163;2.5
1;7223;0;0.119;2.5
1;7224;0;0.088;2.5
1;7225;0;0.077;2.5
1;7226;0;0.094;2.5
1;7227;0;0.100;2.5
1;7228;0;0.095;2.5
1;7229;0;0.089;2.5
1;7230;0;0.088;2.5
1;7231;0;0.087;2.5
1;7232;0.025;0.079;2.5
1;7233;0.068;0.069;2.5
1;7234;0.128;0.070;2.5
1;7235;0.250;0.076;2.5
1;7236;0.449;0.089;2.5
1;7237;0.466;0.098;2.5
1;7238;0.347;0.117;2.5
1;7239;0.158;0.127;2.5
1;7240;0.031;0.146;2.5
1;7241;0;0.201;2.5
1;7242;0;0.231;2.5
1;7243;0;0.226;2.5
1;7244;0;0.200;2.5
1;7245;0;0.160;2.5
1;7246;0;0.122;2.5
1;7247;0;0.093;2.5
1;7248;0;0.070;2.5
1;7249;0;0.053;2.5
1;7250;0;0.039;2.5
1;7251;0;0.033;2.5
1;7252;0;0.029;2.5
1;7253;0;0.026;2.5
1;7254;0;0.022;2.5
1;7255;0.011;0.017;2.5
1;7256;0.087;0.009;2.5
1;7257;0.193;0.003;2.5
1;7258;0.508;0.005;2.5
1;7259;0.604;0.005;2.5
1;7260;0.613;0.004;2.5
1;7261;0.565;0.005;2.5
1;7262;0.464;0.005;2.5
1;7263;0.293;0.005;2.5
1;7264;0.067;0.006;2.5
1;7265;0;0.009;2.5
1;7266;0;0.011;2.5
1;7267;0;0.016;2.5
1;7268;0;0.022;2.5
1;7269;0;0.029;2.5
1;7270;0;0.036;2.5
1;7271;0;0.045;2.5
1;7272;0;0.048;2.5
1;7273;0;0.044;2.5
1;7274;0;0.036;2.5
1;7275;0;0.022;2.5
1;7276;0;0.013;2.5
1;7277;0;0.007;2.5
1;7278;0;0.006;2.5
1;7279;0.019;0.010;2.5
1;7280;0.185;0.016;2.5
1;7281;0.364;0.013;2.5
1;7282;0.477;0.014;2.5
1;7283;0.527;0.020;2.5
1;7284;0.528;0.016;2.5
1;7285;0.503;0.011;2.5
1;7286;0.459;0.010;2.5
1;7287;0.286;0.014;2.5
1;7288;0.052;0.027;2.5
1;7289;0;0.048;2.5
1;7290;0;0.072;2.5
1;7291;0;0.099;2.5
1;7292;0;0.136;2.5
1;7293;0;0.179;2.5
1;7294;0;0.209;2.5
1;7295;0;0.220;2.5
1;7296;0;0.214;2.5
1;7297;0;0.201;2.5
1;7298;0;0.193;2.5
1;7299;0;0.188;2.5
1;7300;0;0.204;2.5
1;7301;0;0.245;2.5
1;7302;0;0.281;2.5
1;7303;0.007;0.286;2.5
1;7304;0.110;0.221;2.5
1;7305;0.367;0.192;2.5
1;7306;0.513;0.297;2.5
1;7307;0.526;0.378;2.5
1;7308;0.370;0.414;2.5
1;7309;0.195;0.413;2.5
1;7310;0.121;0.362;2.5
1;7311;0.047;0.309;2.5
1;7312;0.003;0.308;2.5
1;7313;0;0.324;2.5
1;7314;0;0.311;2.5
1;7315;0;0.291;2.5
1;7316;0;0.278;2.5
1;7317;0;0.278;2.5
1;7318;0;0.297;2.5
1;7319;0;0.315;2.5
1;7320;0;0.305;2.5
1;7321;0;0.297;2.5
1;7322;0;0.309;2.5
1;7323;0;0.325;2.5
1;7324;0;0.360;2.5
1;7325;0;0.370;2.5
1;7326;0;0.346;2.5
1;7327;0;0.337;2.5
1;7328;0.021;0.348;2.5
1;7329;0.051;0.362;2.5
1;7330;0.051;0.388;2.5
1;7331;0.055;0.351;2.5
1;7332;0.123;0.448;2.5
1;7333;0.253;0.413;2.5
1;7334;0.290;0.338;2.5
1;7335;0.129;0.344;2.5
1;7336;0.011;0.400;2.5
1;7337;0;0.450;2.5
1;7338;0;0.445;2.5
1;7339;0;0.430;2.5
1;7340;0;0.427;2.5
1;7341;0;0.420;2.5
1;7342;0;0.401;2.5
1;7343;0;0.368;2.5
1;7344;0;0.341;2.5
1;7345;0;0.334;2.5
1;7346;0;0.328;2.5
1;7347;0;0.315;2.5
1;7348;0;0.328;2.5
1;7349;0;0.431;2.5
1;7350;0;0.401;2.5
1;7351;0;0.311;2.5
1;7352;0.057;0.280;2.5
1;7353;0.115;0.243;2.5
1;7354;0.114;0.227;2.5
1;7355;0.196;0.194;2.5
1;7356;0.359;0.157;2.5
1;7357;0.259;0.113;2.5
1;7358;0.159;0.089;2.5
1;7359;0.058;0.098;2.5
1;7360;0.005;0.160;2.5
1;7361;0;0.220;2.5
1;7362;0;0.251;2.5
1;7363;0;0.234;2.5
1;7364;0;0.191;2.5
1;7365;0;0.141;2.5
1;7366;0;0.108;2.5
1;7367;0;0.093;2.5
1;7368;0;0.091;2.5
1;7369;0;0.088;2.5
1;7370;0;0.077;2.5
1;7371;0;0.063;2.5
1;7372;0;0.064;2.5
1;7373;0;0.082;2.5
1;7374;0;0.089;2.5
1;7375;0;0.096;2.5
1;7376;0.005;0.113;2.5
1;7377;0.017;0.138;2.5
1;7378;0.031;0.165;2.5
1;7379;0.053;0.183;2.5
1;7380;0.086;0.206;2.5
1;7381;0.146;0.201;2.5
1;7382;0.143;0.167;2.5
1;7383;0.113;0.129;2.5
1;7384;0.011;0.133;2.5
1;7385;0;0.138;2.5
1;7386;0;0.136;2.5
1;7387;0;0.126;2.5
1;7388;0;0.115;2.5
1;7389;0;0.117;2.5
1;7390;0;0.133;2.5
1;7391;0;0.151;2.5
1;7392;0;0.165;2.5
1;7393;0;0.182;2.5
1;7394;0;0.202;2.5
1;7395;0;0.190;2.5
1;7396;0;0.142;2.5
1;7397;0;0.101;2.5
1;7398;0;0.077;2.5
1;7399;0;0.059;2.5
1;7400;0.007;0.070;2.5
1;7401;0.019;0.093;2.5
1;7402;0.055;0.101;2.5
1;7403;0.097;0.132;2.5
1;7404;0.125;0.146;2.5
1;7405;0.150;0.149;2.5
1;7406;0.093;0.139;2.5
1;7407;0.036;0.133;2.5
1;7408;0.002;0.164;2.5
1;7409;0;0.216;2.5
1;7410;0;0.243;2.5
1;7411;0;0.254;2.5
1;7412;0;0.253;2.5
1;7413;0;0.234;2.5
1;7414;0;0.214;2.5
1;7415;0;0.220;2.5
1;7416;0;0.214;2.5
1;7417;0;0.187;2.5
1;7418;0;0.189;2.5
1;7419;0;0.173;2.5
1;7420;0;0.168;2.5
1;7421;0;0.158;2.5
1;7422;0;0.149;2.5
1;7423;0;0.139;2.5
1;7424;0.005;0.121;2.5
1;7425;0.027;0.084;2.5
1;7426;0.052;0.063;2.5
1;7427;0.082;0.057;2.5
1;7428;0.086;0.051;2.5
1;7429;0.069;0.047;2.5
1;7430;0.045;0.045;2.5
1;7431;0.021;0.042;2.5
1;7432;0.001;0.051;2.5
1;7433;0;0.058;2.5
1;7434;0;0.061;2.5
1;7435;0;0.062;2.5
1;7436;0;0.074;2.5
1;7437;0;0.098;2.5
1;7438;0;0.118;2.5
1;7439;0;0.125;2.5
1;7440;0;0.122;2.5
1;7441;0;0.108;2.5
1;7442;0;0.085;2.5
1;7443;0;0.062;2.5
1;7444;0;0.043;2.5
1;7445;0;0.032;2.5
1;7446;0;0.024;2.5
1;7447;0;0.018;2.5
1;7448;0.014;0.023;2.5
1;7449;0.046;0.033;2.5
1;7450;0.088;0.040;2.5
1;7451;0.139;0.049;2.5
1;7452;0.231;0.069;2.5
1;7453;0.229;0.082;2.5
1;7454;0.173;0.094;2.5
1;7455;0.074;0.108;2.5
1;7456;0.004;0.168;2.5
1;7457;0;0.250;2.5
1;7458;0;0.334;2.5
1;7459;0;0.391;2.5
1;7460;0;0.398;2.5
1;7461;0;0.388;2.5
1;7462;0;0.381;2.5
1;7463;0;0.349;2.5
1;7464;0;0.301;2.5
1;7465;0;0.245;2.5
1;7466;0;0.220;2.5
1;7467;0;0.194;2.5
1;7468;0;0.153;2.5
1;7469;0;0.111;2.5
1;7470;0;0.067;2.5
1;7471;0;0.033;2.5
1;7472;0.029;0.010;2.5
1;7473;0.071;0.001;2.5
1;7474;0.111;0.006;2.5
1;7475;0.107;0.020;2.5
1;7476;0.105;0.037;2.5
1;7477;0.083;0.053;2.5
1;7478;0.043;0.072;2.5
1;7479;0.014;0.124;2.5
1;7480;0;0.190;2.5
1;7481;0;0.228;2.5
1;7482;0;0.218;2.5
1;7483;0;0.207;2.5
1;7484;0;0.209;2.5
1;7485;0;0.204;2.5
1;7486;0;0.182;2.5
1;7487;0;0.150;2.5
1;7488;0;0.123;2.5
1;7489;0;0.112;2.5
1;7490;0;0.133;2.5
1;7491;0;0.119;2.5
1;7492;0;0.088;2.5
1;7493;0;0.096;2.5
1;7494;0;0.135;2.5
1;7495;0;0.174;2.5
1;7496;0.002;0.196;2.5
1;7497;0.019;0.200;2.5
1;7498;0.050;0.194;2.5
1;7499;0.087;0.223;2.5
1;7500;0.103;0.239;2.5
1;7501;0.084;0.220;2.5
1;7502;0.054;0.187;2.5
1;7503;0.021;0.184;2.5
1;7504;0;0.220;2.5
1;7505;0;0.247;2.5
1;7506;0;0.241;2.5
1;7507;0;0.225;2.5
1;7508;0;0.212;2.5
1;7509;0;0.201;2.5
1;7510;0;0.182;2.5
1;7511;0;0.165;2.5
1;7512;0;0.140;2.5
1;7513;0;0.107;2.5
1;7514;0;0.078;2.5
1;7515;0;0.060;2.5
1;7516;0;0.053;2.5
1;7517;0;0.047;2.5
1;7518;0;0.042;2.5
1;7519;0;0.042;2.5
1;7520;0.023;0.037;2.5
1;7521;0.063;0.025;2.5
1;7522;0.116;0.016;2.5
1;7523;0.172;0.013;2.5
1;7524;0.346;0.013;2.5
1;7525;0.444;0.008;2.5
1;7526;0.328;0.005;2.5
1;7527;0.139;0.005;2.5
1;7528;0.005;0.006;2.5
1;7529;0;0.010;2.5
1;7530;0;0.017;2.5
1;7531;0;0.027;2.5
1;7532;0;0.042;2.5
1;7533;0;0.065;2.5
1;7534;0;0.092;2.5
1;7535;0;0.111;2.5
1;7536;0;0.122;2.5
1;7537;0;0.120;2.5
1;7538;0;0.101;2.5
1;7539;0;0.075;2.5
1;7540;0;0.069;2.5
1;7541;0;0.072;2.5
1;7542;0;0.070;2.5
1;7543;0;0.084;2.5
1;7544;0.028;0.111;2.5
1;7545;0.128;0.164;2.5
1;7546;0.367;0.199;2.5
1;7547;0.467;0.204;2.5
1;7548;0.484;0.201;2.5
1;7549;0.419;0.206;2.5
1;7550;0.288;0.207;2.5
1;7551;0.137;0.201;2.5
1;7552;0.006;0.309;2.5
1;7553;0;0.428;2.5
1;7554;0;0.434;2.5
1;7555;0;0.416;2.5
1;7556;0;0.395;2.5
1;7557;0;0.358;2.5
1;7558;0;0.304;2.5
1;7559;0;0.249;2.5
1;7560;0;0.216;2.5
1;7561;0;0.218;2.5
1;7562;0;0.211;2.5
1;7563;0;0.205;2.5
1;7564;0;0.206;2.5
1;7565;0;0.212;2.5
1;7566;0;0.231;2.5
1;7567;0;0.251;2.5
1;7568;0.015;0.232;2.5
1;7569;0.093;0.183;2.5
1;7570;0.185;0.179;2.5
1;7571;0.278;0.220;2.5
1;7572;0.383;0.220;2.5
1;7573;0.314;0.204;2.5
1;7574;0.184;0.218;2.5
1;7575;0.143;0.264;2.5
1;7576;0.004;0.364;2.5
1;7577;0;0.413;2.5
1;7578;0;0.411;2.5
1;7579;0;0.373;2.5
1;7580;0;0.311;2.5
1;7581;0;0.262;2.5
1;7582;0;0.245;2.5
1;7583;0;0.220;2.5
1;7584;0;0.177;2.5
1;7585;0;0.161;2.5
1;7586;0;0.128;2.5
1;7587;0;0.111;2.5
1;7588;0;0.094;2.5
1;7589;0;0.093;2.5
1;7590;0;0.084;2.5
1;7591;0;0.088;2.5
1;7592;0.019;0.087;2.5
1;7593;0.079;0.076;2.5
1;7594;0.123;0.068;2.5
1;7595;0.099;0.080;2.5
1;7596;0.067;0.093;2.5
1;7597;0.059;0.108;2.5
1;7598;0.043;0.120;2.5
1;7599;0.017;0.156;2.5
1;7600;0;0.216;2.5
1;7601;0;0.238;2.5
1;7602;0;0.223;2.5
1;7603;0;0.202;2.5
1;7604;0;0.188;2.5
1;7605;0;0.175;2.5
1;7606;0;0.159;2.5
1;7607;0;0.155;2.5
1;7608;0;0.152;2.5
1;7609;0;0.136;2.5
1;7610;0;0.122;2.5
1;7611;0;0.126;2.5
1;7612;0;0.131;2.5
1;7613;0;0.131;2.5
1;7614;0;0.127;2.5
1;7615;0;0.123;2.5
1;7616;0.035;0.114;2.5
1;7617;0.178;0.083;2.5
1;7618;0.425;0.066;2.5
1;7619;0.517;0.083;2.5
1;7620;0.535;0.096;2.5
1;7621;0.473;0.115;2.5
1;7622;0.324;0.146;2.5
1;7623;0.163;0.211;2.5
1;7624;0.004;0.352;2.5
1;7625;0;0.450;2.5
1;7626;0;0.459;2.5
1;7627;0;0.448;2.5
1;7628;0;0.425;2.5
1;7629;0;0.412;2.5
1;7630;0;0.406;2.5
1;7631;0;0.409;2.5
1;7632;0;0.464;2.5
1;7633;0;0.480;2.5
1;7634;0;0.501;2.5
1;7635;0;0.529;2.5
1;7636;0;0.538;2.5
1;7637;0;0.530;2.5
1;7638;0;0.529;2.5
1;7639;0;0.532;2.5
1;7640;0.013;0.539;2.5
1;7641;0.058;0.591;2.5
1;7642;0.099;0.573;2.5
1;7643;0.096;0.547;2.5
1;7644;0.090;0.555;2.5
1;7645;0.067;0.525;2.5
1;7646;0.036;0.491;2.5
1;7647;0.011;0.452;2.5
1;7648;0;0.428;2.5
1;7649;0;0.417;2.5
1;7650;0;0.414;2.5
1;7651;0;0.395;2.5
1;7652;0;0.328;2.5
1;7653;0;0.248;2.5
1;7654;0;0.183;2.5
1;7655;0;0.141;2.5
1;7656;0;0.139;2.5
1;7657;0;0.188;2.5
1;7658;0;0.182;2.5
1;7659;0;0.166;2.5
1;7660;0;0.192;2.5
1;7661;0;0.202;2.5
1;7662;0;0.206;2.5
1;7663;0;0.220;2.5
1;7664;0.018;0.208;2.5
1;7665;0.074;0.213;2.5
1;7666;0.110;0.312;2.5
1;7667;0.080;0.405;2.5
1;7668;0.026;0.461;2.5
1;7669;0.028;0.494;2.5
1;7670;0.052;0.488;2.5
1;7671;0.037;0.451;2.5
1;7672;0;0.415;2.5
1;7673;0;0.386;2.5
1;7674;0;0.362;2.5
1;7675;0;0.378;2.5
1;7676;0;0.368;2.5
1;7677;0;0.316;2.5
1;7678;0;0.257;2.5
1;7679;0;0.207;2.5
1;7680;0;0.159;2.5
1;7681;0;0.107;2.5
1;7682;0;0.072;2.5
1;7683;0;0.056;2.5
1;7684;0;0.045;2.5
1;7685;0;0.037;2.5
1;7686;0;0.039;2.5
1;7687;0;0.060;2.5
1;7688;0.007;0.076;2.5
1;7689;0.035;0.102;2.5
1;7690;0.092;0.143;2.5
1;7691;0.096;0.204;2.5
1;7692;0.050;0.265;2.5
1;7693;0.022;0.323;2.5
1;7694;0.020;0.369;2.5
1;7695;0.014;0.379;2.5
1;7696;0;0.377;2.5
1;7697;0;0.372;2.5
1;7698;0;0.380;2.5
1;7699;0;0.332;2.5
1;7700;0;0.312;2.5
1;7701;0;0.291;2.5
1;7702;0;0.282;2.5
1;7703;0;0.291;2.5
1;7704;0;0.296;2.5
1;7705;0;0.302;2.5
1;7706;0;0.306;2.5
1;7707;0;0.301;2.5
1;7708;0;0.289;2.5
1;7709;0;0.278;2.5
1;7710;0;0.260;2.5
1;7711;0;0.232;2.5
1;7712;0.010;0.197;2.5
1;7713;0.043;0.169;2.5
1;7714;0.083;0.133;2.5
1;7715;0.078;0.135;2.5
1;7716;0.053;0.206;2.5
1;7717;0.032;0.286;2.5
1;7718;0.024;0.306;2.5
1;7719;0.009;0.302;2.5
1;7720;0;0.293;2.5
1;7721;0;0.312;2.5
1;7722;0;0.347;2.5
1;7723;0;0.375;2.5
1;7724;0;0.420;2.5
1;7725;0;0.454;2.5
1;7726;0;0.524;2.5
1;7727;0;0.529;2.5
1;7728;0;0.574;2.5
1;7729;0;0.600;2.5
1;7730;0;0.635;2.5
1;7731;0;0.671;2.5
1;7732;0;0.746;2.5
1;7733;0;0.750;2.5
1;7734;0;0.729;2.5
1;7735;0;0.657;2.5
1;7736;0.015;0.591;2.5
1;7737;0.077;0.535;2.5
1;7738;0.117;0.451;2.5
1;7739;0.150;0.420;2.5
1;7740;0.229;0.384;2.5
1;7741;0.258;0.283;2.5
1;7742;0.183;0.201;2.5
1;7743;0.065;0.176;2.5
1;7744;0;0.161;2.5
1;7745;0;0.120;2.5
1;7746;0;0.083;2.5
1;7747;0;0.049;2.5
1;7748;0;0.022;2.5
1;7749;0;0.008;2.5
1;7750;0;0.004;2.5
1;7751;0;0.005;2.5
1;7752;0;0.011;2.5
1;7753;0;0.018;2.5
1;7754;0;0.025;2.5
1;7755;0;0.031;2.5
1;7756;0;0.041;2.5
1;7757;0;0.050;2.5
1;7758;0;0.058;2.5
1;7759;0;0.059;2.5
1;7760;0.006;0.050;2.5
1;7761;0.042;0.039;2.5
1;7762;0.085;0.026;2.5
1;7763;0.110;0.020;2.5
1;7764;0.097;0.016;2.5
1;7765;0.071;0.014;2.5
1;7766;0.030;0.013;2.5
1;7767;0.006;0.013;2.5
1;7768;0;0.012;2.5
1;7769;0;0.010;2.5
1;7770;0;0.012;2.5
1;7771;0;0.018;2.5
1;7772;0;0.026;2.5
1;7773;0;0.038;2.5
1;7774;0;0.053;2.5
1;7775;0;0.069;2.5
1;7776;0;0.086;2.5
1;7777;0;0.098;2.5
1;7778;0;0.107;2.5
1;7779;0;0.110;2.5
1;7780;0;0.125;2.5
1;7781;0;0.135;2.5
1;7782;0;0.142;2.5
1;7783;0;0.149;2.5
1;7784;0.003;0.149;2.5
1;7785;0.023;0.119;2.5
1;7786;0.052;0.092;2.5
1;7787;0.080;0.084;2.5
1;7788;0.083;0.085;2.5
1;7789;0.057;0.093;2.5
1;7790;0.030;0.107;2.5
1;7791;0.008;0.146;2.5
1;7792;0;0.193;2.5
1;7793;0;0.206;2.5
1;7794;0;0.186;2.5
1;7795;0;0.166;2.5
1;7796;0;0.140;2.5
1;7797;0;0.123;2.5
1;7798;0;0.111;2.5
1;7799;0;0.101;2.5
1;7800;0;0.090;2.5
1;7801;0;0.083;2.5
1;7802;0;0.079;2.5
1;7803;0;0.084;2.5
1;7804;0;0.090;2.5
1;7805;0;0.091;2.5
1;7806;0;0.097;2.5
1;7807;0;0.101;2.5
1;7808;0.008;0.090;2.5
1;7809;0.055;0.069;2.5
1;7810;0.145;0.067;2.5
1;7811;0.320;0.083;2.5
1;7812;0.390;0.108;2.5
1;7813;0.316;0.135;2.5
1;7814;0.175;0.149;2.5
1;7815;0.052;0.193;2.5
1;7816;0;0.272;2.5
1;7817;0;0.325;2.5
1;7818;0;0.351;2.5
1;7819;0;0.355;2.5
1;7820;0;0.332;2.5
1;7821;0;0.314;2.5
1;7822;0;0.277;2.5
1;7823;0;0.255;2.5
1;7824;0;0.270;2.5
1;7825;0;0.311;2.5
1;7826;0;0.344;2.5
1;7827;0;0.358;2.5
1;7828;0;0.352;2.5
1;7829;0;0.352;2.5
1;7830;0;0.344;2.5
1;7831;0;0.344;2.5
1;7832;0.006;0.323;2.5
1;7833;0.034;0.345;2.5
1;7834;0.064;0.364;2.5
1;7835;0.113;0.378;2.5
1;7836;0.196;0.388;2.5
1;7837;0.290;0.407;2.5
1;7838;0.239;0.367;2.5
1;7839;0.101;0.374;2.5
1;7840;0;0.446;2.5
1;7841;0;0.459;2.5
1;7842;0;0.429;2.5
1;7843;0;0.400;2.5
1;7844;0;0.343;2.5
1;7845;0;0.283;2.5
1;7846;0;0.244;2.5
1;7847;0;0.252;2.5
1;7848;0;0.265;2.5
1;7849;0;0.272;2.5
1;7850;0;0.277;2.5
1;7851;0;0.268;2.5
1;7852;0;0.245;2.5
1;7853;0;0.233;2.5
1;7854;0;0.230;2.5
1;7855;0;0.213;2.5
1;7856;0.006;0.207;2.5
1;7857;0.053;0.184;2.5
1;7858;0.102;0.209;2.5
1;7859;0.151;0.191;2.5
1;7860;0.148;0.182;2.5
1;7861;0.101;0.184;2.5
1;7862;0.055;0.175;2.5
1;7863;0.013;0.145;2.5
1;7864;0;0.179;2.5
1;7865;0;0.195;2.5
1;7866;0;0.188;2.5
1;7867;0;0.171;2.5
1;7868;0;0.140;2.5
1;7869;0;0.118;2.5
1;7870;0;0.117;2.5
1;7871;0;0.132;2.5
1;7872;0;0.129;2.5
1;7873;0;0.115;2.5
1;7874;0;0.097;2.5
1;7875;0;0.073;2.5
1;7876;0;0.061;2.5
1;7877;0;0.057;2.5
1;7878;0;0.061;2.5
1;7879;0;0.069;2.5
1;7880;0.002;0.074;2.5
1;7881;0.024;0.065;2.5
1;7882;0.050;0.072;2.5
1;7883;0.061;0.079;2.5
1;7884;0.059;0.076;2.5
1;7885;0.042;0.073;2.5
1;7886;0.023;0.070;2.5
1;7887;0.005;0.069;2.5
1;7888;0;0.084;2.5
1;7889;0;0.096;2.5
1;7890;0;0.101;2.5
1;7891;0;0.102;2.5
1;7892;0;0.101;2.5
1;7893;0;0.089;2.5
1;7894;0;0.078;2.5
1;7895;0;0.076;2.5
1;7896;0;0.074;2.5
1;7897;0;0.073;2.5
1;7898;0;0.073;2.5
1;7899;0;0.079;2.5
1;7900;0;0.086;2.5
1;7901;0;0.093;2.5
1;7902;0;0.101;2.5
1;7903;0;0.105;2.5
1;7904;0;0.107;2.5
1;7905;0.012;0.124;2.5
1;7906;0.049;0.120;2.5
1;7907;0.074;0.128;2.5
1;7908;0.084;0.126;2.5
1;7909;0.067;0.120;2.5
1;7910;0.036;0.106;2.5
1;7911;0.009;0.124;2.5
1;7912;0;0.163;2.5
1;7913;0;0.197;2.5
1;7914;0;0.220;2.5
1;7915;0;0.222;2.5
1;7916;0;0.223;2.5
1;7917;0;0.213;2.5
1;7918;0;0.215;2.5
1;7919;0;0.208;2.5
1;7920;0;0.207;2.5
1;7921;0;0.217;2.5
1;7922;0;0.203;2.5
1;7923;0;0.187;2.5
1;7924;0;0.182;2.5
1;7925;0;0.188;2.5
1;7926;0;0.202;2.5
1;7927;0;0.218;2.5
1;7928;0.005;0.237;2.5
1;7929;0.021;0.227;2.5
1;7930;0.036;0.206;2.5
1;7931;0.043;0.249;2.5
1;7932;0.037;0.284;2.5
1;7933;0.028;0.286;2.5
1;7934;0.016;0.296;2.5
1;7935;0.002;0.332;2.5
1;7936;0;0.353;2.5
1;7937;0;0.350;2.5
1;7938;0;0.348;2.5
1;7939;0;0.352;2.5
1;7940;0;0.355;2.5
1;7941;0;0.352;2.5
1;7942;0;0.361;2.5
1;7943;0;0.384;2.5
1;7944;0;0.404;2.5
1;7945;0;0.419;2.5
1;7946;0;0.424;2.5
1;7947;0;0.433;2.5
1;7948;0;0.438;2.5
1;7949;0;0.453;2.5
1;7950;0;0.471;2.5
1;7951;0;0.494;2.5
1;7952;0.008;0.512;2.5
1;7953;0.056;0.500;2.5
1;7954;0.117;0.503;2.5
1;7955;0.215;0.547;2.5
1;7956;0.273;0.583;2.5
1;7957;0.204;0.618;2.5
1;7958;0.118;0.634;2.5
1;7959;0.028;0.648;2.5
1;7960;0;0.680;2.5
1;7961;0;0.748;2.5
1;7962;0;0.748;2.5
1;7963;0;0.724;2.5
1;7964;0;0.708;2.5
1;7965;0;0.663;2.5
1;7966;0;0.630;2.5
1;7967;0;0.600;2.5
1;7968;0;0.539;2.5
1;7969;0;0.477;2.5
1;7970;0;0.444;2.5
1;7971;0;0.517;2.5
1;7972;0;0.547;2.5
1;7973;0;0.581;2.5
1;7974;0;0.632;2.5
1;7975;0;0.674;2.5
1;7976;0.026;0.674;2.5
1;7977;0.155;0.658;2.5
1;7978;0.268;0.695;2.5
1;7979;0.374;0.758;2.5
1;7980;0.365;0.784;2.5
1;7981;0.282;0.777;2.5
1;7982;0.166;0.749;2.5
1;7983;0.040;0.691;2.5
1;7984;0;0.652;2.5
1;7985;0;0.581;2.5
1;7986;0;0.488;2.5
1;7987;0;0.422;2.5
1;7988;0;0.376;2.5
1;7989;0;0.350;2.5
1;7990;0;0.322;2.5
1;7991;0;0.276;2.5
1;7992;0;0.243;2.5
1;7993;0;0.221;2.5
1;7994;0;0.201;2.5
1;7995;0;0.190;2.5
1;7996;0;0.195;2.5
1;7997;0;0.192;2.5
1;7998;0;0.182;2.5
1;7999;0;0.178;2.5
1;8000;0.003;0.185;2.5
1;8001;0.031;0.196;2.5
1;8002;0.068;0.190;2.5
1;8003;0.077;0.181;2.5
1;8004;0.059;0.190;2.5
1;8005;0.054;0.185;2.5
1;8006;0.021;0.161;2.5
1;8007;0.001;0.145;2.5
1;8008;0;0.154;2.5
1;8009;0;0.156;2.5
1;8010;0;0.148;2.5
1;8011;0;0.140;2.5
1;8012;0;0.133;2.5
1;8013;0;0.127;2.5
1;8014;0;0.103;2.5
1;8015;0;0.076;2.5
1;8016;0;0.061;2.5
1;8017;0;0.055;2.5
1;8018;0;0.052;2.5
1;8019;0;0.046;2.5
1;8020;0;0.042;2.5
1;8021;0;0.041;2.5
1;8022;0;0.039;2.5
1;8023;0;0.038;2.5
1;8024;0.002;0.031;2.5
1;8025;0.034;0.019;2.5
1;8026;0.071;0.015;2.5
1;8027;0.089;0.021;2.5
1;8028;0.086;0.029;2.5
1;8029;0.055;0.024;2.5
1;8030;0.031;0.021;2.5
1;8031;0.006;0.023;2.5
1;8032;0;0.023;2.5
1;8033;0;0.017;2.5
1;8034;0;0.013;2.5
1;8035;0;0.014;2.5
1;8036;0;0.018;2.5
1;8037;0;0.022;2.5
1;8038;0;0.030;2.5
1;8039;0;0.046;2.5
1;8040;0;0.069;2.5
1;8041;0;0.098;2.5
1;8042;0;0.115;2.5
1;8043;0;0.126;2.5
1;8044;0;0.133;2.5
1;8045;0;0.155;2.5
1;8046;0;0.177;2.5
1;8047;0;0.234;2.5
1;8048;0;0.320;2.5
1;8049;0.013;0.328;2.5
1;8050;0.027;0.291;2.5
1;8051;0.043;0.305;2.5
1;8052;0.052;0.313;2.5
1;8053;0.037;0.328;2.5
1;8054;0.017;0.343;2.5
1;8055;0.001;0.351;2.5
1;8056;0;0.394;2.5
1;8057;0;0.382;2.5
1;8058;0;0.366;2.5
1;8059;0;0.401;2.5
1;8060;0;0.376;2.5
1;8061;0;0.320;2.5
1;8062;0;0.297;2.5
1;8063;0;0.250;2.5
1;8064;0;0.201;2.5
1;8065;0;0.154;2.5
1;8066;0;0.108;2.5
1;8067;0;0.088;2.5
1;8068;0;0.076;2.5
1;8069;0;0.069;2.5
1;8070;0;0.063;2.5
1;8071;0;0.067;2.5
1;8072;0.002;0.082;2.5
1;8073;0.026;0.082;2.5
1;8074;0.048;0.079;2.5
1;8075;0.071;0.081;2.5
1;8076;0.059;0.085;2.5
1;8077;0.046;0.103;2.5
1;8078;0.011;0.133;2.5
1;8079;0;0.190;2.5
1;8080;0;0.241;2.5
1;8081;0;0.265;2.5
1;8082;0;0.294;2.5
1;8083;0;0.270;2.5
1;8084;0;0.278;2.5
1;8085;0;0.289;2.5
1;8086;0;0.279;2.5
1;8087;0;0.276;2.5
1;8088;0;0.285;2.5
1;8089;0;0.283;2.5
1;8090;0;0.279;2.5
1;8091;0;0.289;2.5
1;8092;0;0.275;2.5
1;8093;0;0.270;2.5
1;8094;0;0.243;2.5
1;8095;0;0.238;2.5
1;8096;0.002;0.219;2.5
1;8097;0.032;0.181;2.5
1;8098;0.071;0.159;2.5
1;8099;0.145;0.162;2.5
1;8100;0.204;0.162;2.5
1;8101;0.243;0.157;2.5
1;8102;0.145;0.138;2.5
1;8103;0.055;0.150;2.5
1;8104;0;0.164;2.5
1;8105;0;0.158;2.5
1;8106;0;0.146;2.5
1;8107;0;0.135;2.5
1;8108;0;0.125;2.5
1;8109;0;0.118;2.5
1;8110;0;0.122;2.5
1;8111;0;0.134;2.5
1;8112;0;0.148;2.5
1;8113;0;0.155;2.5
1;8114;0;0.154;2.5
1;8115;0;0.140;2.5
1;8116;0;0.127;2.5
1;8117;0;0.122;2.5
1;8118;0;0.111;2.5
1;8119;0;0.104;2.5
1;8120;0.008;0.107;2.5
1;8121;0.096;0.105;2.5
1;8122;0.337;0.101;2.5
1;8123;0.463;0.118;2.5
1;8124;0.477;0.146;2.5
1;8125;0.423;0.176;2.5
1;8126;0.293;0.191;2.5
1;8127;0.104;0.291;2.5
1;8128;0;0.410;2.5
1;8129;0;0.436;2.5
1;8130;0;0.432;2.5
1;8131;0;0.416;2.5
1;8132;0;0.383;2.5
1;8133;0;0.352;2.5
1;8134;0;0.337;2.5
1;8135;0;0.350;2.5
1;8136;0;0.394;2.5
1;8137;0;0.448;2.5
1;8138;0;0.474;2.5
1;8139;0;0.522;2.5
1;8140;0;0.542;2.5
1;8141;0;0.554;2.5
1;8142;0;0.568;2.5
1;8143;0;0.567;2.5
1;8144;0;0.549;2.5
1;8145;0.008;0.584;2.5
1;8146;0.014;0.532;2.5
1;8147;0.017;0.527;2.5
1;8148;0.018;0.516;2.5
1;8149;0.014;0.516;2.5
1;8150;0.008;0.523;2.5
1;8151;0;0.553;2.5
1;8152;0;0.582;2.5
1;8153;0;0.561;2.5
1;8154;0;0.568;2.5
1;8155;0;0.576;2.5
1;8156;0;0.574;2.5
1;8157;0;0.558;2.5
1;8158;0;0.546;2.5
1;8159;0;0.532;2.5
1;8160;0;0.523;2.5
1;8161;0;0.578;2.5
1;8162;0;0.568;2.5
1;8163;0;0.591;2.5
1;8164;0;0.618;2.5
1;8165;0;0.645;2.5
1;8166;0;0.690;2.5
1;8167;0;0.725;2.5
1;8168;0;0.765;2.5
1;8169;0.009;0.804;2.5
1;8170;0.024;0.794;2.5
1;8171;0.043;0.729;2.5
1;8172;0.042;0.694;2.5
1;8173;0.033;0.669;2.5
1;8174;0.035;0.650;2.5
1;8175;0.009;0.631;2.5
1;8176;0;0.621;2.5
1;8177;0;0.615;2.5
1;8178;0;0.586;2.5
1;8179;0;0.538;2.5
1;8180;0;0.505;2.5
1;8181;0;0.513;2.5
1;8182;0;0.494;2.5
1;8183;0;0.498;2.5
1;8184;0;0.484;2.5
1;8185;0;0.465;2.5
1;8186;0;0.486;2.5
1;8187;0;0.484;2.5
1;8188;0;0.500;2.5
1;8189;0;0.553;2.5
1;8190;0;0.644;2.5
1;8191;0;0.672;2.5
1;8192;0;0.691;2.5
1;8193;0.014;0.682;2.5
1;8194;0.036;0.678;2.5
1;8195;0.035;0.690;2.5
1;8196;0.027;0.701;2.5
1;8197;0.014;0.715;2.5
1;8198;0.002;0.727;2.5
1;8199;0;0.786;2.5
1;8200;0;0.727;2.5
1;8201;0;0.678;2.5
1;8202;0;0.658;2.5
1;8203;0;0.635;2.5
1;8204;0;0.573;2.5
1;8205;0;0.554;2.5
1;8206;0;0.528;2.5
1;8207;0;0.494;2.5
1;8208;0;0.519;2.5
1;8209;0;0.498;2.5
1;8210;0;0.546;2.5
1;8211;0;0.601;2.5
1;8212;0;0.587;2.5
1;8213;0;0.545;2.5
1;8214;0;0.491;2.5
1;8215;0;0.478;2.5
1;8216;0.004;0.420;2.5
1;8217;0.050;0.388;2.5
1;8218;0.147;0.398;2.5
1;8219;0.310;0.362;2.5
1;8220;0.321;0.391;2.5
1;8221;0.256;0.379;2.5
1;8222;0.113;0.374;2.5
1;8223;0.010;0.345;2.5
1;8224;0;0.308;2.5
1;8225;0;0.279;2.5
1;8226;0;0.300;2.5
1;8227;0;0.345;2.5
1;8228;0;0.349;2.5
1;8229;0;0.361;2.5
1;8230;0;0.408;2.5
1;8231;0;0.444;2.5
1;8232;0;0.448;2.5
1;8233;0;0.433;2.5
1;8234;0;0.450;2.5
1;8235;0;0.445;2.5
1;8236;0;0.411;2.5
1;8237;0;0.436;2.5
1;8238;0;0.399;2.5
1;8239;0;0.336;2.5
1;8240;0.004;0.279;2.5
1;8241;0.089;0.201;2.5
1;8242;0.189;0.177;2.5
1;8243;0.455;0.158;2.5
1;8244;0.490;0.125;2.5
1;8245;0.416;0.123;2.5
1;8246;0.241;0.133;2.5
1;8247;0.043;0.187;2.5
1;8248;0;0.235;2.5
1;8249;0;0.281;2.5
1;8250;0;0.328;2.5
1;8251;0;0.364;2.5
1;8252;0;0.370;2.5
1;8253;0;0.363;2.5
1;8254;0;0.372;2.5
1;8255;0;0.397;2.5
1;8256;0;0.401;2.5
1;8257;0;0.408;2.5
1;8258;0;0.432;2.5
1;8259;0;0.466;2.5
1;8260;0;0.446;2.5
1;8261;0;0.414;2.5
1;8262;0;0.381;2.5
1;8263;0;0.359;2.5
1;8264;0;0.341;2.5
1;8265;0.017;0.297;2.5
1;8266;0.036;0.282;2.5
1;8267;0.046;0.274;2.5
1;8268;0.044;0.272;2.5
1;8269;0.029;0.272;2.5
1;8270;0.012;0.280;2.5
1;8271;0;0.289;2.5
1;8272;0;0.302;2.5
1;8273;0;0.295;2.5
1;8274;0;0.278;2.5
1;8275;0;0.265;2.5
1;8276;0;0.250;2.5
1;8277;0;0.232;2.5
1;8278;0;0.210;2.5
1;8279;0;0.186;2.5
1;8280;0;0.169;2.5
1;8281;0;0.159;2.5
1;8282;0;0.148;2.5
1;8283;0;0.140;2.5
1;8284;0;0.144;2.5
1;8285;0;0.153;2.5
1;8286;0;0.157;2.5
1;8287;0;0.167;2.5
1;8288;0;0.180;2.5
1;8289;0.011;0.173;2.5
1;8290;0.037;0.160;2.5
1;8291;0.073;0.153;2.5
1;8292;0.094;0.157;2.5
1;8293;0.084;0.161;2.5
1;8294;0.063;0.173;2.5
1;8295;0.019;0.221;2.5
1;8296;0;0.278;2.5
1;8297;0;0.280;2.5
1;8298;0;0.249;2.5
1;8299;0;0.236;2.5
1;8300;0;0.247;2.5
1;8301;0;0.256;2.5
1;8302;0;0.252;2.5
1;8303;0;0.251;2.5
1;8304;0;0.225;2.5
1;8305;0;0.225;2.5
1;8306;0;0.232;2.5
1;8307;0;0.239;2.5
1;8308;0;0.251;2.5
1;8309;0;0.290;2.5
1;8310;0;0.315;2.5
1;8311;0;0.326;2.5
1;8312;0.005;0.347;2.5
1;8313;0.111;0.318;2.5
1;8314;0.250;0.335;2.5
1;8315;0.443;0.343;2.5
1;8316;0.462;0.344;2.5
1;8317;0.397;0.333;2.5
1;8318;0.252;0.323;2.5
1;8319;0.062;0.372;2.5
1;8320;0;0.413;2.5
1;8321;0;0.381;2.5
1;8322;0;0.355;2.5
1;8323;0;0.313;2.5
1;8324;0;0.242;2.5
1;8325;0;0.175;2.5
1;8326;0;0.140;2.5
1;8327;0;0.126;2.5
1;8328;0;0.128;2.5
1;8329;0;0.146;2.5
1;8330;0;0.176;2.5
1;8331;0;0.212;2.5
1;8332;0;0.257;2.5
1;8333;0;0.311;2.5
1;8334;0;0.383;2.5
1;8335;0;0.404;2.5
1;8336;0.003;0.382;2.5
1;8337;0.054;0.369;2.5
1;8338;0.069;0.355;2.5
1;8339;0.052;0.388;2.5
1;8340;0.031;0.372;2.5
1;8341;0.024;0.329;2.5
1;8342;0.015;0.362;2.5
1;8343;0.002;0.471;2.5
1;8344;0;0.632;2.5
1;8345;0;0.661;2.5
1;8346;0;0.675;2.5
1;8347;0;0.676;2.5
1;8348;0;0.670;2.5
1;8349;0;0.640;2.5
1;8350;0;0.605;2.5
1;8351;0;0.586;2.5
1;8352;0;0.658;2.5
1;8353;0;0.687;2.5
1;8354;0;0.615;2.5
1;8355;0;0.458;2.5
1;8356;0;0.352;2.5
1;8357;0;0.341;2.5
1;8358;0;0.337;2.5
1;8359;0;0.398;2.5
1;8360;0;0.488;2.5
1;8361;0.003;0.575;2.5
1;8362;0.027;0.699;2.5
1;8363;0.242;0.765;2.5
1;8364;0.432;0.789;2.5
1;8365;0.379;0.773;2.5
1;8366;0.232;0.739;2.5
1;8367;0.049;0.711;2.5
1;8368;0;0.700;2.5
1;8369;0;0.658;2.5
1;8370;0;0.655;2.5
1;8371;0;0.652;2.5
1;8372;0;0.622;2.5
1;8373;0;0.516;2.5
1;8374;0;0.474;2.5
1;8375;0;0.445;2.5
1;8376;0;0.415;2.5
1;8377;0;0.385;2.5
1;8378;0;0.341;2.5
1;8379;0;0.294;2.5
1;8380;0;0.272;2.5
1;8381;0;0.261;2.5
1;8382;0;0.265;2.5
1;8383;0;0.247;2.5
1;8384;0;0.227;2.5
1;8385;0.008;0.219;2.5
1;8386;0.032;0.243;2.5
1;8387;0.078;0.200;2.5
1;8388;0.078;0.152;2.5
1;8389;0.036;0.169;2.5
1;8390;0.016;0.204;2.5
1;8391;0;0.216;2.5
1;8392;0;0.228;2.5
1;8393;0;0.237;2.5
1;8394;0;0.239;2.5
1;8395;0;0.241;2.5
1;8396;0;0.242;2.5
1;8397;0;0.238;2.5
1;8398;0;0.221;2.5
1;8399;0;0.199;2.5
1;8400;0;0.164;2.5
1;8401;0;0.151;2.5
1;8402;0;0.163;2.5
1;8403;0;0.178;2.5
1;8404;0;0.197;2.5
1;8405;0;0.238;2.5
1;8406;0;0.251;2.5
1;8407;0;0.264;2.5
1;8408;0.002;0.278;2.5
1;8409;0.061;0.267;2.5
1;8410;0.164;0.256;2.5
1;8411;0.226;0.251;2.5
1;8412;0.222;0.281;2.5
1;8413;0.156;0.324;2.5
1;8414;0.070;0.371;2.5
1;8415;0.008;0.425;2.5
1;8416;0;0.464;2.5
1;8417;0;0.464;2.5
1;8418;0;0.461;2.5
1;8419;0;0.473;2.5
1;8420;0;0.459;2.5
1;8421;0;0.442;2.5
1;8422;0;0.454;2.5
1;8423;0;0.526;2.5
1;8424;0;0.618;2.5
1;8425;0;0.662;2.5
1;8426;0;0.739;2.5
1;8427;0;0.729;2.5
1;8428;0;0.702;2.5
1;8429;0;0.618;2.5
1;8430;0;0.532;2.5
1;8431;0;0.447;2.5
1;8432;0.002;0.361;2.5
1;8433;0.036;0.270;2.5
1;8434;0.080;0.201;2.5
1;8435;0.118;0.195;2.5
1;8436;0.116;0.154;2.5
1;8437;0.237;0.120;2.5
1;8438;0.194;0.107;2.5
1;8439;0.042;0.128;2.5
1;8440;0;0.156;2.5
1;8441;0;0.172;2.5
1;8442;0;0.162;2.5
1;8443;0;0.137;2.5
1;8444;0;0.119;2.5
1;8445;0;0.122;2.5
1;8446;0;0.139;2.5
1;8447;0;0.137;2.5
1;8448;0;0.109;2.5
1;8449;0;0.101;2.5
1;8450;0;0.122;2.5
1;8451;0;0.144;2.5
1;8452;0;0.153;2.5
1;8453;0;0.161;2.5
1;8454;0;0.174;2.5
1;8455;0;0.187;2.5
1;8456;0;0.195;2.5
1;8457;0.010;0.186;2.5
1;8458;0.034;0.175;2.5
1;8459;0.063;0.178;2.5
1;8460;0.085;0.222;2.5
1;8461;0.089;0.238;2.5
1;8462;0.052;0.238;2.5
1;8463;0.005;0.296;2.5
1;8464;0;0.353;2.5
1;8465;0;0.354;2.5
1;8466;0;0.323;2.5
1;8467;0;0.278;2.5
1;8468;0;0.257;2.5
1;8469;0;0.236;2.5
1;8470;0;0.206;2.5
1;8471;0;0.181;2.5
1;8472;0;0.169;2.5
1;8473;0;0.160;2.5
1;8474;0;0.153;2.5
1;8475;0;0.140;2.5
1;8476;0;0.130;2.5
1;8477;0;0.134;2.5
1;8478;0;0.155;2.5
1;8479;0;0.160;2.5
1;8480;0;0.160;2.5
1;8481;0.018;0.177;2.5
1;8482;0.063;0.182;2.5
1;8483;0.097;0.186;2.5
1;8484;0.135;0.223;2.5
1;8485;0.206;0.210;2.5
1;8486;0.149;0.256;2.5
1;8487;0.020;0.376;2.5
1;8488;0;0.454;2.5
1;8489;0;0.420;2.5
1;8490;0;0.379;2.5
1;8491;0;0.359;2.5
1;8492;0;0.327;2.5
1;8493;0;0.288;2.5
1;8494;0;0.290;2.5
1;8495;0;0.278;2.5
1;8496;0;0.271;2.5
1;8497;0;0.277;2.5
1;8498;0;0.273;2.5
1;8499;0;0.247;2.5
1;8500;0;0.244;2.5
1;8501;0;0.275;2.5
1;8502;0;0.266;2.5
1;8503;0;0.231;2.5
1;8504;0;0.195;2.5
1;8505;0.020;0.188;2.5
1;8506;0.117;0.154;2.5
1;8507;0.179;0.160;2.5
1;8508;0.394;0.148;2.5
1;8509;0.356;0.103;2.5
1;8510;0.223;0.087;2.5
1;8511;0.050;0.129;2.5
1;8512;0;0.190;2.5
1;8513;0;0.228;2.5
1;8514;0;0.234;2.5
1;8515;0;0.223;2.5
1;8516;0;0.214;2.5
1;8517;0;0.225;2.5
1;8518;0;0.210;2.5
1;8519;0;0.172;2.5
1;8520;0;0.135;2.5
1;8521;0;0.107;2.5
1;8522;0;0.091;2.5
1;8523;0;0.090;2.5
1;8524;0;0.093;2.5
1;8525;0;0.096;2.5
1;8526;0;0.103;2.5
1;8527;0;0.108;2.5
1;8528;0;0.119;2.5
1;8529;0.014;0.167;2.5
1;8530;0.026;0.211;2.5
1;8531;0.042;0.193;2.5
1;8532;0.035;0.149;2.5
1;8533;0.025;0.138;2.5
1;8534;0.020;0.172;2.5
1;8535;0.003;0.229;2.5
1;8536;0;0.256;2.5
1;8537;0;0.245;2.5
1;8538;0;0.233;2.5
1;8539;0;0.225;2.5
1;8540;0;0.219;2.5
1;8541;0;0.211;2.5
1;8542;0;0.197;2.5
1;8543;0;0.177;2.5
1;8544;0;0.148;2.5
1;8545;0;0.123;2.5
1;8546;0;0.106;2.5
1;8547;0;0.105;2.5
1;8548;0;0.122;2.5
1;8549;0;0.162;2.5
1;8550;0;0.225;2.5
1;8551;0;0.355;2.5
1;8552;0;0.422;2.5
1;8553;0.015;0.411;2.5
1;8554;0.050;0.361;2.5
1;8555;0.075;0.316;2.5
1;8556;0.077;0.338;2.5
1;8557;0.062;0.396;2.5
1;8558;0.040;0.364;2.5
1;8559;0.006;0.316;2.5
1;8560;0;0.352;2.5
1;8561;0;0.384;2.5
1;8562;0;0.391;2.5
1;8563;0;0.369;2.5
1;8564;0;0.323;2.5
1;8565;0;0.289;2.5
1;8566;0;0.288;2.5
1;8567;0;0.309;2.5
1;8568;0;0.337;2.5
1;8569;0;0.370;2.5
1;8570;0;0.391;2.5
1;8571;0;0.358;2.5
1;8572;0;0.306;2.5
1;8573;0;0.267;2.5
1;8574;0;0.233;2.5
1;8575;0;0.231;2.5
1;8576;0;0.254;2.5
1;8577;0.031;0.234;2.5
1;8578;0.097;0.212;2.5
1;8579;0.147;0.201;2.5
1;8580;0.128;0.184;2.5
1;8581;0.050;0.148;2.5
1;8582;0.011;0.167;2.5
1;8583;0;0.215;2.5
1;8584;0;0.247;2.5
1;8585;0;0.236;2.5
1;8586;0;0.220;2.5
1;8587;0;0.200;2.5
1;8588;0;0.158;2.5
1;8589;0;0.120;2.5
1;8590;0;0.082;2.5
1;8591;0;0.068;2.5
1;8592;0;0.065;2.5
1;8593;0;0.069;2.5
1;8594;0;0.093;2.5
1;8595;0;0.131;2.5
1;8596;0;0.162;2.5
1;8597;0;0.172;2.5
1;8598;0;0.170;2.5
1;8599;0;0.155;2.5
1;8600;0;0.140;2.5
1;8601;0.006;0.126;2.5
1;8602;0.017;0.126;2.5
1;8603;0.024;0.132;2.5
1;8604;0.022;0.135;2.5
1;8605;0.018;0.137;2.5
1;8606;0.015;0.136;2.5
1;8607;0.002;0.179;2.5
1;8608;0;0.223;2.5
1;8609;0;0.233;2.5
1;8610;0;0.251;2.5
1;8611;0;0.249;2.5
1;8612;0;0.231;2.5
1;8613;0;0.234;2.5
1;8614;0;0.233;2.5
1;8615;0;0.229;2.5
1;8616;0;0.205;2.5
1;8617;0;0.180;2.5
1;8618;0;0.172;2.5
1;8619;0;0.186;2.5
1;8620;0;0.184;2.5
1;8621;0;0.201;2.5
1;8622;0;0.213;2.5
1;8623;0;0.201;2.5
1;8624;0;0.208;2.5
1;8625;0.005;0.204;2.5
1;8626;0.014;0.206;2.5
1;8627;0.018;0.213;2.5
1;8628;0.018;0.204;2.5
1;8629;0.013;0.188;2.5
1;8630;0.004;0.166;2.5
1;8631;0;0.158;2.5
1;8632;0;0.153;2.5
1;8633;0;0.125;2.5
1;8634;0;0.104;2.5
1;8635;0;0.102;2.5
1;8636;0;0.114;2.5
1;8637;0;0.131;2.5
1;8638;0;0.134;2.5
1;8639;0;0.124;2.5
1;8640;0;0.106;2.5
1;8641;0;0.095;2.5
1;8642;0;0.094;2.5
1;8643;0;0.101;2.5
1;8644;0;0.117;2.5
1;8645;0;0.135;2.5
1;8646;0;0.148;2.5
1;8647;0;0.159;2.5
1;8648;0.003;0.170;2.5
1;8649;0.071;0.155;2.5
1;8650;0.179;0.121;2.5
1;8651;0.227;0.118;2.5
1;8652;0.189;0.131;2.5
1;8653;0.111;0.144;2.5
1;8654;0.039;0.156;2.5
1;8655;0.004;0.207;2.5
1;8656;0;0.254;2.5
1;8657;0;0.264;2.5
1;8658;0;0.261;2.5
1;8659;0;0.249;2.5
1;8660;0;0.230;2.5
1;8661;0;0.233;2.5
1;8662;0;0.251;2.5
1;8663;0;0.260;2.5
1;8664;0;0.252;2.5
1;8665;0;0.225;2.5
1;8666;0;0.213;2.5
1;8667;0;0.217;2.5
1;8668;0;0.201;2.5
1;8669;0;0.181;2.5
1;8670;0;0.164;2.5
1;8671;0;0.155;2.5
1;8672;0.006;0.142;2.5
1;8673;0.113;0.103;2.5
1;8674;0.250;0.055;2.5
1;8675;0.335;0.042;2.5
1;8676;0.313;0.039;2.5
1;8677;0.203;0.039;2.5
1;8678;0.099;0.042;2.5
1;8679;0.017;0.058;2.5
1;8680;0;0.067;2.5
1;8681;0;0.054;2.5
1;8682;0;0.031;2.5
1;8683;0;0.013;2.5
1;8684;0;0.007;2.5
1;8685;0;0.013;2.5
1;8686;0;0.034;2.5
1;8687;0;0.054;2.5
1;8688;0;0.068;2.5
1;8689;0;0.072;2.5
1;8690;0;0.085;2.5
1;8691;0;0.106;2.5
1;8692;0;0.114;2.5
1;8693;0;0.124;2.5
1;8694;0;0.145;2.5
1;8695;0;0.173;2.5
1;8696;0.010;0.184;2.5
1;8697;0.156;0.144;2.5
1;8698;0.318;0.114;2.5
1;8699;0.404;0.162;2.5
1;8700;0.403;0.167;2.5
1;8701;0.173;0.159;2.5
1;8702;0.043;0.161;2.5
1;8703;0.004;0.218;2.5
1;8704;0;0.265;2.5
1;8705;0;0.274;2.5
1;8706;0;0.272;2.5
1;8707;0;0.264;2.5
1;8708;0;0.261;2.5
1;8709;0;0.248;2.5
1;8710;0;0.244;2.5
1;8711;0;0.265;2.5
1;8712;0;0.284;2.5
1;8713;0;0.302;2.5
1;8714;0;0.315;2.5
1;8715;0;0.325;2.5
1;8716;0;0.334;2.5
1;8717;0;0.374;2.5
1;8718;0;0.399;2.5
1;8719;0;0.408;2.5
1;8720;0.001;0.413;2.5
1;8721;0.048;0.401;2.5
1;8722;0.107;0.383;2.5
1;8723;0.167;0.386;2.5
1;8724;0.237;0.403;2.5
1;8725;0.280;0.442;2.5
1;8726;0.200;0.512;2.5
1;8727;0.048;0.599;2.5
1;8728;0;0.633;2.5
1;8729;0;0.620;2.5
1;8730;0;0.611;2.5
1;8731;0;0.599;2.5
1;8732;0;0.578;2.5
1;8733;0;0.556;2.5
1;8734;0;0.547;2.5
1;8735;0;0.547;2.5
1;8736;0;0.547;2.5
1;8737;0;0.535;2.5
1;8738;0;0.510;2.5
1;8739;0;0.491;2.5
1;8740;0;0.485;2.5
1;8741;0;0.523;2.5
1;8742;0;0.583;2.5
1;8743;0;0.627;2.5
1;8744;0;0.619;2.5
1;8745;0.019;0.599;2.5
1;8746;0.054;0.574;2.5
1;8747;0.104;0.602;2.5
1;8748;0.150;0.571;2.5
1;8749;0.183;0.516;2.5
1;8750;0.153;0.481;2.5
1;8751;0.036;0.471;2.5
1;8752;0;0.481;2.5
1;8753;0;0.454;2.5
1;8754;0;0.396;2.5
1;8755;0;0.334;2.5
1;8756;0;0.290;2.5
1;8757;0;0.226;2.5
1;8758;0;0.185;2.5
1;8759;0;0.148;2.5
1;8760;0;0.131;2.5
